"ID_MOIS","NO_ANN","CODE_ANNEE","CH_LIB_SMSTR","CODE_SEMESTRE","NO_SMSTR","CH_LIB_TRIM","CODE_TRIMESTRE","NO_TRIM","CH_LIB_MOIS","CODE_MOIS","NO_MOIS","NO_JRS_MOIS","NO_JRS_DEB_ANN","NO_PER_DEB_ANN","NO_PER_FIN_ANN","FK_ANNEE"
"200001","2000","A2000. ","Semestre 1","SMSTR1","1","Trimestre 1         ","TRIM1          ","1","Janvier","M01. ","1","31","1","31","335","2000"
"200002","2000","A2000. ","Semestre 1","SMSTR1","1","Trimestre 1         ","TRIM1          ","1","Février","M02. ","2","29","32","60","306","2000"
"200003","2000","A2000. ","Semestre 1","SMSTR1","1","Trimestre 1         ","TRIM1          ","1","Mars","M03. ","3","31","61","91","275","2000"
"200004","2000","A2000. ","Semestre 1","SMSTR1","1","Trimestre 2         ","TRIM2          ","2","Avril","M04. ","4","30","92","121","245","2000"
"200005","2000","A2000. ","Semestre 1","SMSTR1","1","Trimestre 2         ","TRIM2          ","2","Mai","M05. ","5","31","122","152","214","2000"
"200006","2000","A2000. ","Semestre 1","SMSTR1","1","Trimestre 2         ","TRIM2          ","2","Juin","M06. ","6","30","153","182","184","2000"
"200007","2000","A2000. ","Semestre 2","SMSTR2","2","Trimestre 3         ","TRIM3          ","3","Juillet","M07. ","7","31","183","213","153","2000"
"200008","2000","A2000. ","Semestre 2","SMSTR2","2","Trimestre 3         ","TRIM3          ","3","Août","M08. ","8","31","214","244","122","2000"
"200009","2000","A2000. ","Semestre 2","SMSTR2","2","Trimestre 3         ","TRIM3          ","3","Septembre","M09. ","9","30","245","274","92","2000"
"200010","2000","A2000. ","Semestre 2","SMSTR2","2","Trimestre 4         ","TRIM4          ","4","Octobre","M10. ","10","31","275","305","61","2000"
"200011","2000","A2000. ","Semestre 2","SMSTR2","2","Trimestre 4         ","TRIM4          ","4","Novembre","M11. ","11","30","306","335","31","2000"
"200012","2000","A2000. ","Semestre 2","SMSTR2","2","Trimestre 4         ","TRIM4          ","4","Décembre","M12. ","12","31","336","366","0","2000"
"200101","2001","A2001. ","Semestre 1","SMSTR1","1","Trimestre 1         ","TRIM1          ","1","Janvier","M01. ","1","31","1","31","334","2001"
"200102","2001","A2001. ","Semestre 1","SMSTR1","1","Trimestre 1         ","TRIM1          ","1","Février","M02. ","2","28","32","59","306","2001"
"200103","2001","A2001. ","Semestre 1","SMSTR1","1","Trimestre 1         ","TRIM1          ","1","Mars","M03. ","3","31","60","90","275","2001"
"200104","2001","A2001. ","Semestre 1","SMSTR1","1","Trimestre 2         ","TRIM2          ","2","Avril","M04. ","4","30","91","120","245","2001"
"200105","2001","A2001. ","Semestre 1","SMSTR1","1","Trimestre 2         ","TRIM2          ","2","Mai","M05. ","5","31","121","151","214","2001"
"200106","2001","A2001. ","Semestre 1","SMSTR1","1","Trimestre 2         ","TRIM2          ","2","Juin","M06. ","6","30","152","181","184","2001"
"200107","2001","A2001. ","Semestre 2","SMSTR2","2","Trimestre 3         ","TRIM3          ","3","Juillet","M07. ","7","31","182","212","153","2001"
"200108","2001","A2001. ","Semestre 2","SMSTR2","2","Trimestre 3         ","TRIM3          ","3","Août","M08. ","8","31","213","243","122","2001"
"200109","2001","A2001. ","Semestre 2","SMSTR2","2","Trimestre 3         ","TRIM3          ","3","Septembre","M09. ","9","30","244","273","92","2001"
"200110","2001","A2001. ","Semestre 2","SMSTR2","2","Trimestre 4         ","TRIM4          ","4","Octobre","M10. ","10","31","274","304","61","2001"
"200111","2001","A2001. ","Semestre 2","SMSTR2","2","Trimestre 4         ","TRIM4          ","4","Novembre","M11. ","11","30","305","334","31","2001"
"200112","2001","A2001. ","Semestre 2","SMSTR2","2","Trimestre 4         ","TRIM4          ","4","Décembre","M12. ","12","31","335","365","0","2001"
"200201","2002","A2002. ","Semestre 1","SMSTR1","1","Trimestre 1         ","TRIM1          ","1","Janvier","M01. ","1","31","1","31","334","2002"
"200207","2002","A2002. ","Semestre 2","SMSTR2","2","Trimestre 3         ","TRIM3          ","3","Juillet","M07. ","7","31","182","212","153","2002"
"200208","2002","A2002. ","Semestre 2","SMSTR2","2","Trimestre 3         ","TRIM3          ","3","Août","M08. ","8","31","213","243","122","2002"
"200209","2002","A2002. ","Semestre 2","SMSTR2","2","Trimestre 3         ","TRIM3          ","3","Septembre","M09. ","9","30","244","273","92","2002"
"200210","2002","A2002. ","Semestre 2","SMSTR2","2","Trimestre 4         ","TRIM4          ","4","Octobre","M10. ","10","31","274","304","61","2002"
"200211","2002","A2002. ","Semestre 2","SMSTR2","2","Trimestre 4         ","TRIM4          ","4","Novembre","M11. ","11","30","305","334","31","2002"
"200212","2002","A2002. ","Semestre 2","SMSTR2","2","Trimestre 4         ","TRIM4          ","4","Décembre","M12. ","12","31","335","365","0","2002"
"200301","2003","A2003. ","Semestre 1","SMSTR1","1","Trimestre 1         ","TRIM1          ","1","Janvier","M01. ","1","31","1","31","334","2003"
"200302","2003","A2003. ","Semestre 1","SMSTR1","1","Trimestre 1         ","TRIM1          ","1","Février","M02. ","2","28","32","59","306","2003"
"200303","2003","A2003. ","Semestre 1","SMSTR1","1","Trimestre 1         ","TRIM1          ","1","Mars","M03. ","3","31","60","90","275","2003"
"200304","2003","A2003. ","Semestre 1","SMSTR1","1","Trimestre 2         ","TRIM2          ","2","Avril","M04. ","4","30","91","120","245","2003"
"200305","2003","A2003. ","Semestre 1","SMSTR1","1","Trimestre 2         ","TRIM2          ","2","Mai","M05. ","5","31","121","151","214","2003"
"200306","2003","A2003. ","Semestre 1","SMSTR1","1","Trimestre 2         ","TRIM2          ","2","Juin","M06. ","6","30","152","181","184","2003"
"200307","2003","A2003. ","Semestre 2","SMSTR2","2","Trimestre 3         ","TRIM3          ","3","Juillet","M07. ","7","31","182","212","153","2003"
"200308","2003","A2003. ","Semestre 2","SMSTR2","2","Trimestre 3         ","TRIM3          ","3","Août","M08. ","8","31","213","243","122","2003"
"200309","2003","A2003. ","Semestre 2","SMSTR2","2","Trimestre 3         ","TRIM3          ","3","Septembre","M09. ","9","30","244","273","92","2003"
"200310","2003","A2003. ","Semestre 2","SMSTR2","2","Trimestre 4         ","TRIM4          ","4","Octobre","M10. ","10","31","274","304","61","2003"
"200311","2003","A2003. ","Semestre 2","SMSTR2","2","Trimestre 4         ","TRIM4          ","4","Novembre","M11. ","11","30","305","334","31","2003"
"200312","2003","A2003. ","Semestre 2","SMSTR2","2","Trimestre 4         ","TRIM4          ","4","Décembre","M12. ","12","31","335","365","0","2003"
"200401","2004","A2004. ","Semestre 1","SMSTR1","1","Trimestre 1         ","TRIM1          ","1","Janvier","M01. ","1","31","1","31","335","2004"
"200402","2004","A2004. ","Semestre 1","SMSTR1","1","Trimestre 1         ","TRIM1          ","1","Février","M02. ","2","29","32","60","306","2004"
"200202","2002","A2002. ","Semestre 1","SMSTR1","1","Trimestre 1         ","TRIM1          ","1","Février","M02. ","2","28","32","59","306","2002"
"200203","2002","A2002. ","Semestre 1","SMSTR1","1","Trimestre 1         ","TRIM1          ","1","Mars","M03. ","3","31","60","90","275","2002"
"200204","2002","A2002. ","Semestre 1","SMSTR1","1","Trimestre 2         ","TRIM2          ","2","Avril","M04. ","4","30","91","120","245","2002"
"200205","2002","A2002. ","Semestre 1","SMSTR1","1","Trimestre 2         ","TRIM2          ","2","Mai","M05. ","5","31","121","151","214","2002"
"200206","2002","A2002. ","Semestre 1","SMSTR1","1","Trimestre 2         ","TRIM2          ","2","Juin","M06. ","6","30","152","181","184","2002"
"200511","2005","A2005. ","Semestre 2","SMSTR2","2","Trimestre 4         ","TRIM4          ","4","Novembre","M11. ","11","30","305","334","31","2005"
"200512","2005","A2005. ","Semestre 2","SMSTR2","2","Trimestre 4         ","TRIM4          ","4","Décembre","M12. ","12","31","335","365","0","2005"
"200601","2006","A2006. ","Semestre 1","SMSTR1","1","Trimestre 1         ","TRIM1          ","1","Janvier","M01. ","1","31","1","31","334","2006"
"200602","2006","A2006. ","Semestre 1","SMSTR1","1","Trimestre 1         ","TRIM1          ","1","Février","M02. ","2","28","32","59","306","2006"
"200603","2006","A2006. ","Semestre 1","SMSTR1","1","Trimestre 1         ","TRIM1          ","1","Mars","M03. ","3","31","60","90","275","2006"
"200403","2004","A2004. ","Semestre 1","SMSTR1","1","Trimestre 1         ","TRIM1          ","1","Mars","M03. ","3","31","61","91","275","2004"
"200404","2004","A2004. ","Semestre 1","SMSTR1","1","Trimestre 2         ","TRIM2          ","2","Avril","M04. ","4","30","92","121","245","2004"
"200405","2004","A2004. ","Semestre 1","SMSTR1","1","Trimestre 2         ","TRIM2          ","2","Mai","M05. ","5","31","122","152","214","2004"
"200406","2004","A2004. ","Semestre 1","SMSTR1","1","Trimestre 2         ","TRIM2          ","2","Juin","M06. ","6","30","153","182","184","2004"
"200407","2004","A2004. ","Semestre 2","SMSTR2","2","Trimestre 3         ","TRIM3          ","3","Juillet","M07. ","7","31","183","213","153","2004"
"200408","2004","A2004. ","Semestre 2","SMSTR2","2","Trimestre 3         ","TRIM3          ","3","Août","M08. ","8","31","214","244","122","2004"
"200409","2004","A2004. ","Semestre 2","SMSTR2","2","Trimestre 3         ","TRIM3          ","3","Septembre","M09. ","9","30","245","274","92","2004"
"200410","2004","A2004. ","Semestre 2","SMSTR2","2","Trimestre 4         ","TRIM4          ","4","Octobre","M10. ","10","31","275","305","61","2004"
"201005","2010","A2010. ","Semestre 1","SMSTR1","1","Trimestre 2         ","TRIM2          ","2","Mai","M05. ","5","31","121","151","214","2010"
"201006","2010","A2010. ","Semestre 1","SMSTR1","1","Trimestre 2         ","TRIM2          ","2","Juin","M06. ","6","30","152","181","184","2010"
"201007","2010","A2010. ","Semestre 2","SMSTR2","2","Trimestre 3         ","TRIM3          ","3","Juillet","M07. ","7","31","182","212","153","2010"
"201008","2010","A2010. ","Semestre 2","SMSTR2","2","Trimestre 3         ","TRIM3          ","3","Août","M08. ","8","31","213","243","122","2010"
"201009","2010","A2010. ","Semestre 2","SMSTR2","2","Trimestre 3         ","TRIM3          ","3","Septembre","M09. ","9","30","244","273","92","2010"
"201010","2010","A2010. ","Semestre 2","SMSTR2","2","Trimestre 4         ","TRIM4          ","4","Octobre","M10. ","10","31","274","304","61","2010"
"201011","2010","A2010. ","Semestre 2","SMSTR2","2","Trimestre 4         ","TRIM4          ","4","Novembre","M11. ","11","30","305","334","31","2010"
"201012","2010","A2010. ","Semestre 2","SMSTR2","2","Trimestre 4         ","TRIM4          ","4","Décembre","M12. ","12","31","335","365","0","2010"
"201101","2011","A2011. ","Semestre 1","SMSTR1","1","Trimestre 1         ","TRIM1          ","1","Janvier","M01. ","1","31","1","31","334","2011"
"201102","2011","A2011. ","Semestre 1","SMSTR1","1","Trimestre 1         ","TRIM1          ","1","Février","M02. ","2","28","32","59","306","2011"
"201103","2011","A2011. ","Semestre 1","SMSTR1","1","Trimestre 1         ","TRIM1          ","1","Mars","M03. ","3","31","60","90","275","2011"
"201104","2011","A2011. ","Semestre 1","SMSTR1","1","Trimestre 2         ","TRIM2          ","2","Avril","M04. ","4","30","91","120","245","2011"
"201105","2011","A2011. ","Semestre 1","SMSTR1","1","Trimestre 2         ","TRIM2          ","2","Mai","M05. ","5","31","121","151","214","2011"
"201106","2011","A2011. ","Semestre 1","SMSTR1","1","Trimestre 2         ","TRIM2          ","2","Juin","M06. ","6","30","152","181","184","2011"
"201107","2011","A2011. ","Semestre 2","SMSTR2","2","Trimestre 3         ","TRIM3          ","3","Juillet","M07. ","7","31","182","212","153","2011"
"201108","2011","A2011. ","Semestre 2","SMSTR2","2","Trimestre 3         ","TRIM3          ","3","Août","M08. ","8","31","213","243","122","2011"
"201109","2011","A2011. ","Semestre 2","SMSTR2","2","Trimestre 3         ","TRIM3          ","3","Septembre","M09. ","9","30","244","273","92","2011"
"201110","2011","A2011. ","Semestre 2","SMSTR2","2","Trimestre 4         ","TRIM4          ","4","Octobre","M10. ","10","31","274","304","61","2011"
"201111","2011","A2011. ","Semestre 2","SMSTR2","2","Trimestre 4         ","TRIM4          ","4","Novembre","M11. ","11","30","305","334","31","2011"
"201112","2011","A2011. ","Semestre 2","SMSTR2","2","Trimestre 4         ","TRIM4          ","4","Décembre","M12. ","12","31","335","365","0","2011"
"201201","2012","A2012. ","Semestre 1","SMSTR1","1","Trimestre 1         ","TRIM1          ","1","Janvier","M01. ","1","31","1","31","335","2012"
"201202","2012","A2012. ","Semestre 1","SMSTR1","1","Trimestre 1         ","TRIM1          ","1","Février","M02. ","2","29","32","60","306","2012"
"201203","2012","A2012. ","Semestre 1","SMSTR1","1","Trimestre 1         ","TRIM1          ","1","Mars","M03. ","3","31","61","91","275","2012"
"201204","2012","A2012. ","Semestre 1","SMSTR1","1","Trimestre 2         ","TRIM2          ","2","Avril","M04. ","4","30","92","121","245","2012"
"201205","2012","A2012. ","Semestre 1","SMSTR1","1","Trimestre 2         ","TRIM2          ","2","Mai","M05. ","5","31","122","152","214","2012"
"201206","2012","A2012. ","Semestre 1","SMSTR1","1","Trimestre 2         ","TRIM2          ","2","Juin","M06. ","6","30","153","182","184","2012"
"201302","2013","A2013. ","Semestre 1","SMSTR1","1","Trimestre 1         ","TRIM1          ","1","Février","M02. ","2","28","32","59","306","2013"
"201303","2013","A2013. ","Semestre 1","SMSTR1","1","Trimestre 1         ","TRIM1          ","1","Mars","M03. ","3","31","60","90","275","2013"
"201304","2013","A2013. ","Semestre 1","SMSTR1","1","Trimestre 2         ","TRIM2          ","2","Avril","M04. ","4","30","91","120","245","2013"
"201305","2013","A2013. ","Semestre 1","SMSTR1","1","Trimestre 2         ","TRIM2          ","2","Mai","M05. ","5","31","121","151","214","2013"
"201306","2013","A2013. ","Semestre 1","SMSTR1","1","Trimestre 2         ","TRIM2          ","2","Juin","M06. ","6","30","152","181","184","2013"
"201307","2013","A2013. ","Semestre 2","SMSTR2","2","Trimestre 3         ","TRIM3          ","3","Juillet","M07. ","7","31","182","212","153","2013"
"201308","2013","A2013. ","Semestre 2","SMSTR2","2","Trimestre 3         ","TRIM3          ","3","Août","M08. ","8","31","213","243","122","2013"
"201309","2013","A2013. ","Semestre 2","SMSTR2","2","Trimestre 3         ","TRIM3          ","3","Septembre","M09. ","9","30","244","273","92","2013"
"201310","2013","A2013. ","Semestre 2","SMSTR2","2","Trimestre 4         ","TRIM4          ","4","Octobre","M10. ","10","31","274","304","61","2013"
"201311","2013","A2013. ","Semestre 2","SMSTR2","2","Trimestre 4         ","TRIM4          ","4","Novembre","M11. ","11","30","305","334","31","2013"
"201312","2013","A2013. ","Semestre 2","SMSTR2","2","Trimestre 4         ","TRIM4          ","4","Décembre","M12. ","12","31","335","365","0","2013"
"201401","2014","A2014. ","Semestre 1","SMSTR1","1","Trimestre 1         ","TRIM1          ","1","Janvier","M01. ","1","31","1","31","334","2014"
"201402","2014","A2014. ","Semestre 1","SMSTR1","1","Trimestre 1         ","TRIM1          ","1","Février","M02. ","2","28","32","59","306","2014"
"201403","2014","A2014. ","Semestre 1","SMSTR1","1","Trimestre 1         ","TRIM1          ","1","Mars","M03. ","3","31","60","90","275","2014"
"201404","2014","A2014. ","Semestre 1","SMSTR1","1","Trimestre 2         ","TRIM2          ","2","Avril","M04. ","4","30","91","120","245","2014"
"201405","2014","A2014. ","Semestre 1","SMSTR1","1","Trimestre 2         ","TRIM2          ","2","Mai","M05. ","5","31","121","151","214","2014"
"201406","2014","A2014. ","Semestre 1","SMSTR1","1","Trimestre 2         ","TRIM2          ","2","Juin","M06. ","6","30","152","181","184","2014"
"201407","2014","A2014. ","Semestre 2","SMSTR2","2","Trimestre 3         ","TRIM3          ","3","Juillet","M07. ","7","31","182","212","153","2014"
"201207","2012","A2012. ","Semestre 2","SMSTR2","2","Trimestre 3         ","TRIM3          ","3","Juillet","M07. ","7","31","183","213","153","2012"
"201208","2012","A2012. ","Semestre 2","SMSTR2","2","Trimestre 3         ","TRIM3          ","3","Août","M08. ","8","31","214","244","122","2012"
"201209","2012","A2012. ","Semestre 2","SMSTR2","2","Trimestre 3         ","TRIM3          ","3","Septembre","M09. ","9","30","245","274","92","2012"
"201210","2012","A2012. ","Semestre 2","SMSTR2","2","Trimestre 4         ","TRIM4          ","4","Octobre","M10. ","10","31","275","305","61","2012"
"201211","2012","A2012. ","Semestre 2","SMSTR2","2","Trimestre 4         ","TRIM4          ","4","Novembre","M11. ","11","30","306","335","31","2012"
"201212","2012","A2012. ","Semestre 2","SMSTR2","2","Trimestre 4         ","TRIM4          ","4","Décembre","M12. ","12","31","336","366","0","2012"
"201301","2013","A2013. ","Semestre 1","SMSTR1","1","Trimestre 1         ","TRIM1          ","1","Janvier","M01. ","1","31","1","31","334","2013"
"201512","2015","A2015. ","Semestre 2","SMSTR2","2","Trimestre 4         ","TRIM4          ","4","Décembre","M12. ","12","31","335","365","0","2015"
"201601","2016","A2016. ","Semestre 1","SMSTR1","1","Trimestre 1         ","TRIM1          ","1","Janvier","M01. ","1","31","1","31","335","2016"
"201602","2016","A2016. ","Semestre 1","SMSTR1","1","Trimestre 1         ","TRIM1          ","1","Février","M02. ","2","29","32","60","306","2016"
"201603","2016","A2016. ","Semestre 1","SMSTR1","1","Trimestre 1         ","TRIM1          ","1","Mars","M03. ","3","31","61","91","275","2016"
"201604","2016","A2016. ","Semestre 1","SMSTR1","1","Trimestre 2         ","TRIM2          ","2","Avril","M04. ","4","30","92","121","245","2016"
"201605","2016","A2016. ","Semestre 1","SMSTR1","1","Trimestre 2         ","TRIM2          ","2","Mai","M05. ","5","31","122","152","214","2016"
"201606","2016","A2016. ","Semestre 1","SMSTR1","1","Trimestre 2         ","TRIM2          ","2","Juin","M06. ","6","30","153","182","184","2016"
"201607","2016","A2016. ","Semestre 2","SMSTR2","2","Trimestre 3         ","TRIM3          ","3","Juillet","M07. ","7","31","183","213","153","2016"
"201608","2016","A2016. ","Semestre 2","SMSTR2","2","Trimestre 3         ","TRIM3          ","3","Août","M08. ","8","31","214","244","122","2016"
"201408","2014","A2014. ","Semestre 2","SMSTR2","2","Trimestre 3         ","TRIM3          ","3","Août","M08. ","8","31","213","243","122","2014"
"202007","2020","A2020. ","Semestre 2","SMSTR2","2","Trimestre 3         ","TRIM3          ","3","Juillet","M07. ","7","31","183","213","153","2020"
"202008","2020","A2020. ","Semestre 2","SMSTR2","2","Trimestre 3         ","TRIM3          ","3","Août","M08. ","8","31","214","244","122","2020"
"202009","2020","A2020. ","Semestre 2","SMSTR2","2","Trimestre 3         ","TRIM3          ","3","Septembre","M09. ","9","30","245","274","92","2020"
"202010","2020","A2020. ","Semestre 2","SMSTR2","2","Trimestre 4         ","TRIM4          ","4","Octobre","M10. ","10","31","275","305","61","2020"
"202108","2021","A2021. ","Semestre 2","SMSTR2","2","Trimestre 3         ","TRIM3          ","3","Août","M08. ","8","31","213","243","122","2021"
"202109","2021","A2021. ","Semestre 2","SMSTR2","2","Trimestre 3         ","TRIM3          ","3","Septembre","M09. ","9","30","244","273","92","2021"
"202110","2021","A2021. ","Semestre 2","SMSTR2","2","Trimestre 4         ","TRIM4          ","4","Octobre","M10. ","10","31","274","304","61","2021"
"202111","2021","A2021. ","Semestre 2","SMSTR2","2","Trimestre 4         ","TRIM4          ","4","Novembre","M11. ","11","30","305","334","31","2021"
"202112","2021","A2021. ","Semestre 2","SMSTR2","2","Trimestre 4         ","TRIM4          ","4","Décembre","M12. ","12","31","335","365","0","2021"
"202201","2022","A2022. ","Semestre 1","SMSTR1","1","Trimestre 1         ","TRIM1          ","1","Janvier","M01. ","1","31","1","31","334","2022"
"202202","2022","A2022. ","Semestre 1","SMSTR1","1","Trimestre 1         ","TRIM1          ","1","Février","M02. ","2","28","32","59","306","2022"
"202203","2022","A2022. ","Semestre 1","SMSTR1","1","Trimestre 1         ","TRIM1          ","1","Mars","M03. ","3","31","60","90","275","2022"
"202204","2022","A2022. ","Semestre 1","SMSTR1","1","Trimestre 2         ","TRIM2          ","2","Avril","M04. ","4","30","91","120","245","2022"
"202205","2022","A2022. ","Semestre 1","SMSTR1","1","Trimestre 2         ","TRIM2          ","2","Mai","M05. ","5","31","121","151","214","2022"
"202206","2022","A2022. ","Semestre 1","SMSTR1","1","Trimestre 2         ","TRIM2          ","2","Juin","M06. ","6","30","152","181","184","2022"
"202207","2022","A2022. ","Semestre 2","SMSTR2","2","Trimestre 3         ","TRIM3          ","3","Juillet","M07. ","7","31","182","212","153","2022"
"202208","2022","A2022. ","Semestre 2","SMSTR2","2","Trimestre 3         ","TRIM3          ","3","Août","M08. ","8","31","213","243","122","2022"
"202209","2022","A2022. ","Semestre 2","SMSTR2","2","Trimestre 3         ","TRIM3          ","3","Septembre","M09. ","9","30","244","273","92","2022"
"202210","2022","A2022. ","Semestre 2","SMSTR2","2","Trimestre 4         ","TRIM4          ","4","Octobre","M10. ","10","31","274","304","61","2022"
"202211","2022","A2022. ","Semestre 2","SMSTR2","2","Trimestre 4         ","TRIM4          ","4","Novembre","M11. ","11","30","305","334","31","2022"
"202011","2020","A2020. ","Semestre 2","SMSTR2","2","Trimestre 4         ","TRIM4          ","4","Novembre","M11. ","11","30","306","335","31","2020"
"202012","2020","A2020. ","Semestre 2","SMSTR2","2","Trimestre 4         ","TRIM4          ","4","Décembre","M12. ","12","31","336","366","0","2020"
"202101","2021","A2021. ","Semestre 1","SMSTR1","1","Trimestre 1         ","TRIM1          ","1","Janvier","M01. ","1","31","1","31","334","2021"
"202102","2021","A2021. ","Semestre 1","SMSTR1","1","Trimestre 1         ","TRIM1          ","1","Février","M02. ","2","28","32","59","306","2021"
"202103","2021","A2021. ","Semestre 1","SMSTR1","1","Trimestre 1         ","TRIM1          ","1","Mars","M03. ","3","31","60","90","275","2021"
"202104","2021","A2021. ","Semestre 1","SMSTR1","1","Trimestre 2         ","TRIM2          ","2","Avril","M04. ","4","30","91","120","245","2021"
"202105","2021","A2021. ","Semestre 1","SMSTR1","1","Trimestre 2         ","TRIM2          ","2","Mai","M05. ","5","31","121","151","214","2021"
"202106","2021","A2021. ","Semestre 1","SMSTR1","1","Trimestre 2         ","TRIM2          ","2","Juin","M06. ","6","30","152","181","184","2021"
"202107","2021","A2021. ","Semestre 2","SMSTR2","2","Trimestre 3         ","TRIM3          ","3","Juillet","M07. ","7","31","182","212","153","2021"
"202405","2024","A2024. ","Semestre 1","SMSTR1","1","Trimestre 2         ","TRIM2          ","2","Mai","M05. ","5","31","122","152","214","2024"
"202406","2024","A2024. ","Semestre 1","SMSTR1","1","Trimestre 2         ","TRIM2          ","2","Juin","M06. ","6","30","153","182","184","2024"
"202407","2024","A2024. ","Semestre 2","SMSTR2","2","Trimestre 3         ","TRIM3          ","3","Juillet","M07. ","7","31","183","213","153","2024"
"202408","2024","A2024. ","Semestre 2","SMSTR2","2","Trimestre 3         ","TRIM3          ","3","Août","M08. ","8","31","214","244","122","2024"
"202409","2024","A2024. ","Semestre 2","SMSTR2","2","Trimestre 3         ","TRIM3          ","3","Septembre","M09. ","9","30","245","274","92","2024"
"202410","2024","A2024. ","Semestre 2","SMSTR2","2","Trimestre 4         ","TRIM4          ","4","Octobre","M10. ","10","31","275","305","61","2024"
"202411","2024","A2024. ","Semestre 2","SMSTR2","2","Trimestre 4         ","TRIM4          ","4","Novembre","M11. ","11","30","306","335","31","2024"
"202412","2024","A2024. ","Semestre 2","SMSTR2","2","Trimestre 4         ","TRIM4          ","4","Décembre","M12. ","12","31","336","366","0","2024"
"202212","2022","A2022. ","Semestre 2","SMSTR2","2","Trimestre 4         ","TRIM4          ","4","Décembre","M12. ","12","31","335","365","0","2022"
"202301","2023","A2023. ","Semestre 1","SMSTR1","1","Trimestre 1         ","TRIM1          ","1","Janvier","M01. ","1","31","1","31","334","2023"
"202302","2023","A2023. ","Semestre 1","SMSTR1","1","Trimestre 1         ","TRIM1          ","1","Février","M02. ","2","28","32","59","306","2023"
"202303","2023","A2023. ","Semestre 1","SMSTR1","1","Trimestre 1         ","TRIM1          ","1","Mars","M03. ","3","31","60","90","275","2023"
"202304","2023","A2023. ","Semestre 1","SMSTR1","1","Trimestre 2         ","TRIM2          ","2","Avril","M04. ","4","30","91","120","245","2023"
"202305","2023","A2023. ","Semestre 1","SMSTR1","1","Trimestre 2         ","TRIM2          ","2","Mai","M05. ","5","31","121","151","214","2023"
"202306","2023","A2023. ","Semestre 1","SMSTR1","1","Trimestre 2         ","TRIM2          ","2","Juin","M06. ","6","30","152","181","184","2023"
"202307","2023","A2023. ","Semestre 2","SMSTR2","2","Trimestre 3         ","TRIM3          ","3","Juillet","M07. ","7","31","182","212","153","2023"
"202308","2023","A2023. ","Semestre 2","SMSTR2","2","Trimestre 3         ","TRIM3          ","3","Août","M08. ","8","31","213","243","122","2023"
"202309","2023","A2023. ","Semestre 2","SMSTR2","2","Trimestre 3         ","TRIM3          ","3","Septembre","M09. ","9","30","244","273","92","2023"
"202310","2023","A2023. ","Semestre 2","SMSTR2","2","Trimestre 4         ","TRIM4          ","4","Octobre","M10. ","10","31","274","304","61","2023"
"202311","2023","A2023. ","Semestre 2","SMSTR2","2","Trimestre 4         ","TRIM4          ","4","Novembre","M11. ","11","30","305","334","31","2023"
"202312","2023","A2023. ","Semestre 2","SMSTR2","2","Trimestre 4         ","TRIM4          ","4","Décembre","M12. ","12","31","335","365","0","2023"
"202401","2024","A2024. ","Semestre 1","SMSTR1","1","Trimestre 1         ","TRIM1          ","1","Janvier","M01. ","1","31","1","31","335","2024"
"202402","2024","A2024. ","Semestre 1","SMSTR1","1","Trimestre 1         ","TRIM1          ","1","Février","M02. ","2","29","32","60","306","2024"
"202403","2024","A2024. ","Semestre 1","SMSTR1","1","Trimestre 1         ","TRIM1          ","1","Mars","M03. ","3","31","61","91","275","2024"
"202404","2024","A2024. ","Semestre 1","SMSTR1","1","Trimestre 2         ","TRIM2          ","2","Avril","M04. ","4","30","92","121","245","2024"
"202501","2025","A2025. ","Semestre 1","SMSTR1","1","Trimestre 1         ","TRIM1          ","1","Janvier","M01. ","1","31","1","31","334","2025"
"202502","2025","A2025. ","Semestre 1","SMSTR1","1","Trimestre 1         ","TRIM1          ","1","Février","M02. ","2","28","32","59","306","2025"
"202503","2025","A2025. ","Semestre 1","SMSTR1","1","Trimestre 1         ","TRIM1          ","1","Mars","M03. ","3","31","60","90","275","2025"
"202504","2025","A2025. ","Semestre 1","SMSTR1","1","Trimestre 2         ","TRIM2          ","2","Avril","M04. ","4","30","91","120","245","2025"
"202505","2025","A2025. ","Semestre 1","SMSTR1","1","Trimestre 2         ","TRIM2          ","2","Mai","M05. ","5","31","121","151","214","2025"
"202506","2025","A2025. ","Semestre 1","SMSTR1","1","Trimestre 2         ","TRIM2          ","2","Juin","M06. ","6","30","152","181","184","2025"
"201409","2014","A2014. ","Semestre 2","SMSTR2","2","Trimestre 3         ","TRIM3          ","3","Septembre","M09. ","9","30","244","273","92","2014"
"201410","2014","A2014. ","Semestre 2","SMSTR2","2","Trimestre 4         ","TRIM4          ","4","Octobre","M10. ","10","31","274","304","61","2014"
"201411","2014","A2014. ","Semestre 2","SMSTR2","2","Trimestre 4         ","TRIM4          ","4","Novembre","M11. ","11","30","305","334","31","2014"
"201412","2014","A2014. ","Semestre 2","SMSTR2","2","Trimestre 4         ","TRIM4          ","4","Décembre","M12. ","12","31","335","365","0","2014"
"201501","2015","A2015. ","Semestre 1","SMSTR1","1","Trimestre 1         ","TRIM1          ","1","Janvier","M01. ","1","31","1","31","334","2015"
"201502","2015","A2015. ","Semestre 1","SMSTR1","1","Trimestre 1         ","TRIM1          ","1","Février","M02. ","2","28","32","59","306","2015"
"201503","2015","A2015. ","Semestre 1","SMSTR1","1","Trimestre 1         ","TRIM1          ","1","Mars","M03. ","3","31","60","90","275","2015"
"201504","2015","A2015. ","Semestre 1","SMSTR1","1","Trimestre 2         ","TRIM2          ","2","Avril","M04. ","4","30","91","120","245","2015"
"201505","2015","A2015. ","Semestre 1","SMSTR1","1","Trimestre 2         ","TRIM2          ","2","Mai","M05. ","5","31","121","151","214","2015"
"201506","2015","A2015. ","Semestre 1","SMSTR1","1","Trimestre 2         ","TRIM2          ","2","Juin","M06. ","6","30","152","181","184","2015"
"201507","2015","A2015. ","Semestre 2","SMSTR2","2","Trimestre 3         ","TRIM3          ","3","Juillet","M07. ","7","31","182","212","153","2015"
"201508","2015","A2015. ","Semestre 2","SMSTR2","2","Trimestre 3         ","TRIM3          ","3","Août","M08. ","8","31","213","243","122","2015"
"201509","2015","A2015. ","Semestre 2","SMSTR2","2","Trimestre 3         ","TRIM3          ","3","Septembre","M09. ","9","30","244","273","92","2015"
"201510","2015","A2015. ","Semestre 2","SMSTR2","2","Trimestre 4         ","TRIM4          ","4","Octobre","M10. ","10","31","274","304","61","2015"
"201511","2015","A2015. ","Semestre 2","SMSTR2","2","Trimestre 4         ","TRIM4          ","4","Novembre","M11. ","11","30","305","334","31","2015"
"201609","2016","A2016. ","Semestre 2","SMSTR2","2","Trimestre 3         ","TRIM3          ","3","Septembre","M09. ","9","30","245","274","92","2016"
"201610","2016","A2016. ","Semestre 2","SMSTR2","2","Trimestre 4         ","TRIM4          ","4","Octobre","M10. ","10","31","275","305","61","2016"
"201611","2016","A2016. ","Semestre 2","SMSTR2","2","Trimestre 4         ","TRIM4          ","4","Novembre","M11. ","11","30","306","335","31","2016"
"201612","2016","A2016. ","Semestre 2","SMSTR2","2","Trimestre 4         ","TRIM4          ","4","Décembre","M12. ","12","31","336","366","0","2016"
"201701","2017","A2017. ","Semestre 1","SMSTR1","1","Trimestre 1         ","TRIM1          ","1","Janvier","M01. ","1","31","1","31","334","2017"
"201702","2017","A2017. ","Semestre 1","SMSTR1","1","Trimestre 1         ","TRIM1          ","1","Février","M02. ","2","28","32","59","306","2017"
"201703","2017","A2017. ","Semestre 1","SMSTR1","1","Trimestre 1         ","TRIM1          ","1","Mars","M03. ","3","31","60","90","275","2017"
"201704","2017","A2017. ","Semestre 1","SMSTR1","1","Trimestre 2         ","TRIM2          ","2","Avril","M04. ","4","30","91","120","245","2017"
"201705","2017","A2017. ","Semestre 1","SMSTR1","1","Trimestre 2         ","TRIM2          ","2","Mai","M05. ","5","31","121","151","214","2017"
"201706","2017","A2017. ","Semestre 1","SMSTR1","1","Trimestre 2         ","TRIM2          ","2","Juin","M06. ","6","30","152","181","184","2017"
"201707","2017","A2017. ","Semestre 2","SMSTR2","2","Trimestre 3         ","TRIM3          ","3","Juillet","M07. ","7","31","182","212","153","2017"
"201708","2017","A2017. ","Semestre 2","SMSTR2","2","Trimestre 3         ","TRIM3          ","3","Août","M08. ","8","31","213","243","122","2017"
"201709","2017","A2017. ","Semestre 2","SMSTR2","2","Trimestre 3         ","TRIM3          ","3","Septembre","M09. ","9","30","244","273","92","2017"
"201710","2017","A2017. ","Semestre 2","SMSTR2","2","Trimestre 4         ","TRIM4          ","4","Octobre","M10. ","10","31","274","304","61","2017"
"201711","2017","A2017. ","Semestre 2","SMSTR2","2","Trimestre 4         ","TRIM4          ","4","Novembre","M11. ","11","30","305","334","31","2017"
"201712","2017","A2017. ","Semestre 2","SMSTR2","2","Trimestre 4         ","TRIM4          ","4","Décembre","M12. ","12","31","335","365","0","2017"
"201801","2018","A2018. ","Semestre 1","SMSTR1","1","Trimestre 1         ","TRIM1          ","1","Janvier","M01. ","1","31","1","31","334","2018"
"201802","2018","A2018. ","Semestre 1","SMSTR1","1","Trimestre 1         ","TRIM1          ","1","Février","M02. ","2","28","32","59","306","2018"
"201803","2018","A2018. ","Semestre 1","SMSTR1","1","Trimestre 1         ","TRIM1          ","1","Mars","M03. ","3","31","60","90","275","2018"
"201804","2018","A2018. ","Semestre 1","SMSTR1","1","Trimestre 2         ","TRIM2          ","2","Avril","M04. ","4","30","91","120","245","2018"
"201805","2018","A2018. ","Semestre 1","SMSTR1","1","Trimestre 2         ","TRIM2          ","2","Mai","M05. ","5","31","121","151","214","2018"
"201806","2018","A2018. ","Semestre 1","SMSTR1","1","Trimestre 2         ","TRIM2          ","2","Juin","M06. ","6","30","152","181","184","2018"
"201807","2018","A2018. ","Semestre 2","SMSTR2","2","Trimestre 3         ","TRIM3          ","3","Juillet","M07. ","7","31","182","212","153","2018"
"201808","2018","A2018. ","Semestre 2","SMSTR2","2","Trimestre 3         ","TRIM3          ","3","Août","M08. ","8","31","213","243","122","2018"
"201809","2018","A2018. ","Semestre 2","SMSTR2","2","Trimestre 3         ","TRIM3          ","3","Septembre","M09. ","9","30","244","273","92","2018"
"201810","2018","A2018. ","Semestre 2","SMSTR2","2","Trimestre 4         ","TRIM4          ","4","Octobre","M10. ","10","31","274","304","61","2018"
"201811","2018","A2018. ","Semestre 2","SMSTR2","2","Trimestre 4         ","TRIM4          ","4","Novembre","M11. ","11","30","305","334","31","2018"
"201812","2018","A2018. ","Semestre 2","SMSTR2","2","Trimestre 4         ","TRIM4          ","4","Décembre","M12. ","12","31","335","365","0","2018"
"201901","2019","A2019. ","Semestre 1","SMSTR1","1","Trimestre 1         ","TRIM1          ","1","Janvier","M01. ","1","31","1","31","334","2019"
"201902","2019","A2019. ","Semestre 1","SMSTR1","1","Trimestre 1         ","TRIM1          ","1","Février","M02. ","2","28","32","59","306","2019"
"201903","2019","A2019. ","Semestre 1","SMSTR1","1","Trimestre 1         ","TRIM1          ","1","Mars","M03. ","3","31","60","90","275","2019"
"201904","2019","A2019. ","Semestre 1","SMSTR1","1","Trimestre 2         ","TRIM2          ","2","Avril","M04. ","4","30","91","120","245","2019"
"201905","2019","A2019. ","Semestre 1","SMSTR1","1","Trimestre 2         ","TRIM2          ","2","Mai","M05. ","5","31","121","151","214","2019"
"201906","2019","A2019. ","Semestre 1","SMSTR1","1","Trimestre 2         ","TRIM2          ","2","Juin","M06. ","6","30","152","181","184","2019"
"201907","2019","A2019. ","Semestre 2","SMSTR2","2","Trimestre 3         ","TRIM3          ","3","Juillet","M07. ","7","31","182","212","153","2019"
"201908","2019","A2019. ","Semestre 2","SMSTR2","2","Trimestre 3         ","TRIM3          ","3","Août","M08. ","8","31","213","243","122","2019"
"201909","2019","A2019. ","Semestre 2","SMSTR2","2","Trimestre 3         ","TRIM3          ","3","Septembre","M09. ","9","30","244","273","92","2019"
"201910","2019","A2019. ","Semestre 2","SMSTR2","2","Trimestre 4         ","TRIM4          ","4","Octobre","M10. ","10","31","274","304","61","2019"
"201911","2019","A2019. ","Semestre 2","SMSTR2","2","Trimestre 4         ","TRIM4          ","4","Novembre","M11. ","11","30","305","334","31","2019"
"201912","2019","A2019. ","Semestre 2","SMSTR2","2","Trimestre 4         ","TRIM4          ","4","Décembre","M12. ","12","31","335","365","0","2019"
"202001","2020","A2020. ","Semestre 1","SMSTR1","1","Trimestre 1         ","TRIM1          ","1","Janvier","M01. ","1","31","1","31","335","2020"
"202002","2020","A2020. ","Semestre 1","SMSTR1","1","Trimestre 1         ","TRIM1          ","1","Février","M02. ","2","29","32","60","306","2020"
"202003","2020","A2020. ","Semestre 1","SMSTR1","1","Trimestre 1         ","TRIM1          ","1","Mars","M03. ","3","31","61","91","275","2020"
"202004","2020","A2020. ","Semestre 1","SMSTR1","1","Trimestre 2         ","TRIM2          ","2","Avril","M04. ","4","30","92","121","245","2020"
"202005","2020","A2020. ","Semestre 1","SMSTR1","1","Trimestre 2         ","TRIM2          ","2","Mai","M05. ","5","31","122","152","214","2020"
"202006","2020","A2020. ","Semestre 1","SMSTR1","1","Trimestre 2         ","TRIM2          ","2","Juin","M06. ","6","30","153","182","184","2020"
"200411","2004","A2004. ","Semestre 2","SMSTR2","2","Trimestre 4         ","TRIM4          ","4","Novembre","M11. ","11","30","306","335","31","2004"
"200412","2004","A2004. ","Semestre 2","SMSTR2","2","Trimestre 4         ","TRIM4          ","4","Décembre","M12. ","12","31","336","366","0","2004"
"200501","2005","A2005. ","Semestre 1","SMSTR1","1","Trimestre 1         ","TRIM1          ","1","Janvier","M01. ","1","31","1","31","334","2005"
"200502","2005","A2005. ","Semestre 1","SMSTR1","1","Trimestre 1         ","TRIM1          ","1","Février","M02. ","2","28","32","59","306","2005"
"200503","2005","A2005. ","Semestre 1","SMSTR1","1","Trimestre 1         ","TRIM1          ","1","Mars","M03. ","3","31","60","90","275","2005"
"200504","2005","A2005. ","Semestre 1","SMSTR1","1","Trimestre 2         ","TRIM2          ","2","Avril","M04. ","4","30","91","120","245","2005"
"200505","2005","A2005. ","Semestre 1","SMSTR1","1","Trimestre 2         ","TRIM2          ","2","Mai","M05. ","5","31","121","151","214","2005"
"200506","2005","A2005. ","Semestre 1","SMSTR1","1","Trimestre 2         ","TRIM2          ","2","Juin","M06. ","6","30","152","181","184","2005"
"200507","2005","A2005. ","Semestre 2","SMSTR2","2","Trimestre 3         ","TRIM3          ","3","Juillet","M07. ","7","31","182","212","153","2005"
"200508","2005","A2005. ","Semestre 2","SMSTR2","2","Trimestre 3         ","TRIM3          ","3","Août","M08. ","8","31","213","243","122","2005"
"200509","2005","A2005. ","Semestre 2","SMSTR2","2","Trimestre 3         ","TRIM3          ","3","Septembre","M09. ","9","30","244","273","92","2005"
"200510","2005","A2005. ","Semestre 2","SMSTR2","2","Trimestre 4         ","TRIM4          ","4","Octobre","M10. ","10","31","274","304","61","2005"
"200604","2006","A2006. ","Semestre 1","SMSTR1","1","Trimestre 2         ","TRIM2          ","2","Avril","M04. ","4","30","91","120","245","2006"
"200605","2006","A2006. ","Semestre 1","SMSTR1","1","Trimestre 2         ","TRIM2          ","2","Mai","M05. ","5","31","121","151","214","2006"
"200606","2006","A2006. ","Semestre 1","SMSTR1","1","Trimestre 2         ","TRIM2          ","2","Juin","M06. ","6","30","152","181","184","2006"
"200607","2006","A2006. ","Semestre 2","SMSTR2","2","Trimestre 3         ","TRIM3          ","3","Juillet","M07. ","7","31","182","212","153","2006"
"200608","2006","A2006. ","Semestre 2","SMSTR2","2","Trimestre 3         ","TRIM3          ","3","Août","M08. ","8","31","213","243","122","2006"
"200609","2006","A2006. ","Semestre 2","SMSTR2","2","Trimestre 3         ","TRIM3          ","3","Septembre","M09. ","9","30","244","273","92","2006"
"200610","2006","A2006. ","Semestre 2","SMSTR2","2","Trimestre 4         ","TRIM4          ","4","Octobre","M10. ","10","31","274","304","61","2006"
"200611","2006","A2006. ","Semestre 2","SMSTR2","2","Trimestre 4         ","TRIM4          ","4","Novembre","M11. ","11","30","305","334","31","2006"
"200612","2006","A2006. ","Semestre 2","SMSTR2","2","Trimestre 4         ","TRIM4          ","4","Décembre","M12. ","12","31","335","365","0","2006"
"200701","2007","A2007. ","Semestre 1","SMSTR1","1","Trimestre 1         ","TRIM1          ","1","Janvier","M01. ","1","31","1","31","334","2007"
"200702","2007","A2007. ","Semestre 1","SMSTR1","1","Trimestre 1         ","TRIM1          ","1","Février","M02. ","2","28","32","59","306","2007"
"200703","2007","A2007. ","Semestre 1","SMSTR1","1","Trimestre 1         ","TRIM1          ","1","Mars","M03. ","3","31","60","90","275","2007"
"200704","2007","A2007. ","Semestre 1","SMSTR1","1","Trimestre 2         ","TRIM2          ","2","Avril","M04. ","4","30","91","120","245","2007"
"200705","2007","A2007. ","Semestre 1","SMSTR1","1","Trimestre 2         ","TRIM2          ","2","Mai","M05. ","5","31","121","151","214","2007"
"200706","2007","A2007. ","Semestre 1","SMSTR1","1","Trimestre 2         ","TRIM2          ","2","Juin","M06. ","6","30","152","181","184","2007"
"200707","2007","A2007. ","Semestre 2","SMSTR2","2","Trimestre 3         ","TRIM3          ","3","Juillet","M07. ","7","31","182","212","153","2007"
"200708","2007","A2007. ","Semestre 2","SMSTR2","2","Trimestre 3         ","TRIM3          ","3","Août","M08. ","8","31","213","243","122","2007"
"200709","2007","A2007. ","Semestre 2","SMSTR2","2","Trimestre 3         ","TRIM3          ","3","Septembre","M09. ","9","30","244","273","92","2007"
"200710","2007","A2007. ","Semestre 2","SMSTR2","2","Trimestre 4         ","TRIM4          ","4","Octobre","M10. ","10","31","274","304","61","2007"
"200711","2007","A2007. ","Semestre 2","SMSTR2","2","Trimestre 4         ","TRIM4          ","4","Novembre","M11. ","11","30","305","334","31","2007"
"200712","2007","A2007. ","Semestre 2","SMSTR2","2","Trimestre 4         ","TRIM4          ","4","Décembre","M12. ","12","31","335","365","0","2007"
"200801","2008","A2008. ","Semestre 1","SMSTR1","1","Trimestre 1         ","TRIM1          ","1","Janvier","M01. ","1","31","1","31","335","2008"
"200802","2008","A2008. ","Semestre 1","SMSTR1","1","Trimestre 1         ","TRIM1          ","1","Février","M02. ","2","29","32","60","306","2008"
"200803","2008","A2008. ","Semestre 1","SMSTR1","1","Trimestre 1         ","TRIM1          ","1","Mars","M03. ","3","31","61","91","275","2008"
"200804","2008","A2008. ","Semestre 1","SMSTR1","1","Trimestre 2         ","TRIM2          ","2","Avril","M04. ","4","30","92","121","245","2008"
"200805","2008","A2008. ","Semestre 1","SMSTR1","1","Trimestre 2         ","TRIM2          ","2","Mai","M05. ","5","31","122","152","214","2008"
"200806","2008","A2008. ","Semestre 1","SMSTR1","1","Trimestre 2         ","TRIM2          ","2","Juin","M06. ","6","30","153","182","184","2008"
"200807","2008","A2008. ","Semestre 2","SMSTR2","2","Trimestre 3         ","TRIM3          ","3","Juillet","M07. ","7","31","183","213","153","2008"
"200808","2008","A2008. ","Semestre 2","SMSTR2","2","Trimestre 3         ","TRIM3          ","3","Août","M08. ","8","31","214","244","122","2008"
"200809","2008","A2008. ","Semestre 2","SMSTR2","2","Trimestre 3         ","TRIM3          ","3","Septembre","M09. ","9","30","245","274","92","2008"
"200810","2008","A2008. ","Semestre 2","SMSTR2","2","Trimestre 4         ","TRIM4          ","4","Octobre","M10. ","10","31","275","305","61","2008"
"200811","2008","A2008. ","Semestre 2","SMSTR2","2","Trimestre 4         ","TRIM4          ","4","Novembre","M11. ","11","30","306","335","31","2008"
"200812","2008","A2008. ","Semestre 2","SMSTR2","2","Trimestre 4         ","TRIM4          ","4","Décembre","M12. ","12","31","336","366","0","2008"
"200901","2009","A2009. ","Semestre 1","SMSTR1","1","Trimestre 1         ","TRIM1          ","1","Janvier","M01. ","1","31","1","31","334","2009"
"200902","2009","A2009. ","Semestre 1","SMSTR1","1","Trimestre 1         ","TRIM1          ","1","Février","M02. ","2","28","32","59","306","2009"
"200903","2009","A2009. ","Semestre 1","SMSTR1","1","Trimestre 1         ","TRIM1          ","1","Mars","M03. ","3","31","60","90","275","2009"
"200904","2009","A2009. ","Semestre 1","SMSTR1","1","Trimestre 2         ","TRIM2          ","2","Avril","M04. ","4","30","91","120","245","2009"
"200905","2009","A2009. ","Semestre 1","SMSTR1","1","Trimestre 2         ","TRIM2          ","2","Mai","M05. ","5","31","121","151","214","2009"
"200906","2009","A2009. ","Semestre 1","SMSTR1","1","Trimestre 2         ","TRIM2          ","2","Juin","M06. ","6","30","152","181","184","2009"
"200907","2009","A2009. ","Semestre 2","SMSTR2","2","Trimestre 3         ","TRIM3          ","3","Juillet","M07. ","7","31","182","212","153","2009"
"200908","2009","A2009. ","Semestre 2","SMSTR2","2","Trimestre 3         ","TRIM3          ","3","Août","M08. ","8","31","213","243","122","2009"
"200909","2009","A2009. ","Semestre 2","SMSTR2","2","Trimestre 3         ","TRIM3          ","3","Septembre","M09. ","9","30","244","273","92","2009"
"200910","2009","A2009. ","Semestre 2","SMSTR2","2","Trimestre 4         ","TRIM4          ","4","Octobre","M10. ","10","31","274","304","61","2009"
"200911","2009","A2009. ","Semestre 2","SMSTR2","2","Trimestre 4         ","TRIM4          ","4","Novembre","M11. ","11","30","305","334","31","2009"
"200912","2009","A2009. ","Semestre 2","SMSTR2","2","Trimestre 4         ","TRIM4          ","4","Décembre","M12. ","12","31","335","365","0","2009"
"201001","2010","A2010. ","Semestre 1","SMSTR1","1","Trimestre 1         ","TRIM1          ","1","Janvier","M01. ","1","31","1","31","334","2010"
"201002","2010","A2010. ","Semestre 1","SMSTR1","1","Trimestre 1         ","TRIM1          ","1","Février","M02. ","2","28","32","59","306","2010"
"201003","2010","A2010. ","Semestre 1","SMSTR1","1","Trimestre 1         ","TRIM1          ","1","Mars","M03. ","3","31","60","90","275","2010"
"201004","2010","A2010. ","Semestre 1","SMSTR1","1","Trimestre 2         ","TRIM2          ","2","Avril","M04. ","4","30","91","120","245","2010"
"203103","2031","A2031. ","Semestre 1","SMSTR1","1","Trimestre 1         ","TRIM1          ","1","Mars","M03. ","3","31","60","90","275","2031"
"202903","2029","A2029. ","Semestre 1","SMSTR1","1","Trimestre 1         ","TRIM1          ","1","Mars","M03. ","3","31","60","90","275","2029"
"202904","2029","A2029. ","Semestre 1","SMSTR1","1","Trimestre 2         ","TRIM2          ","2","Avril","M04. ","4","30","91","120","245","2029"
"202905","2029","A2029. ","Semestre 1","SMSTR1","1","Trimestre 2         ","TRIM2          ","2","Mai","M05. ","5","31","121","151","214","2029"
"202906","2029","A2029. ","Semestre 1","SMSTR1","1","Trimestre 2         ","TRIM2          ","2","Juin","M06. ","6","30","152","181","184","2029"
"202907","2029","A2029. ","Semestre 2","SMSTR2","2","Trimestre 3         ","TRIM3          ","3","Juillet","M07. ","7","31","182","212","153","2029"
"202908","2029","A2029. ","Semestre 2","SMSTR2","2","Trimestre 3         ","TRIM3          ","3","Août","M08. ","8","31","213","243","122","2029"
"202909","2029","A2029. ","Semestre 2","SMSTR2","2","Trimestre 3         ","TRIM3          ","3","Septembre","M09. ","9","30","244","273","92","2029"
"203208","2032","A2032. ","Semestre 2","SMSTR2","2","Trimestre 3         ","TRIM3          ","3","Août","M08. ","8","31","214","244","122","2032"
"203209","2032","A2032. ","Semestre 2","SMSTR2","2","Trimestre 3         ","TRIM3          ","3","Septembre","M09. ","9","30","245","274","92","2032"
"203210","2032","A2032. ","Semestre 2","SMSTR2","2","Trimestre 4         ","TRIM4          ","4","Octobre","M10. ","10","31","275","305","61","2032"
"203211","2032","A2032. ","Semestre 2","SMSTR2","2","Trimestre 4         ","TRIM4          ","4","Novembre","M11. ","11","30","306","335","31","2032"
"203212","2032","A2032. ","Semestre 2","SMSTR2","2","Trimestre 4         ","TRIM4          ","4","Décembre","M12. ","12","31","336","366","0","2032"
"203301","2033","A2033. ","Semestre 1","SMSTR1","1","Trimestre 1         ","TRIM1          ","1","Janvier","M01. ","1","31","1","31","334","2033"
"203302","2033","A2033. ","Semestre 1","SMSTR1","1","Trimestre 1         ","TRIM1          ","1","Février","M02. ","2","28","32","59","306","2033"
"203303","2033","A2033. ","Semestre 1","SMSTR1","1","Trimestre 1         ","TRIM1          ","1","Mars","M03. ","3","31","60","90","275","2033"
"203304","2033","A2033. ","Semestre 1","SMSTR1","1","Trimestre 2         ","TRIM2          ","2","Avril","M04. ","4","30","91","120","245","2033"
"203104","2031","A2031. ","Semestre 1","SMSTR1","1","Trimestre 2         ","TRIM2          ","2","Avril","M04. ","4","30","91","120","245","2031"
"203105","2031","A2031. ","Semestre 1","SMSTR1","1","Trimestre 2         ","TRIM2          ","2","Mai","M05. ","5","31","121","151","214","2031"
"203106","2031","A2031. ","Semestre 1","SMSTR1","1","Trimestre 2         ","TRIM2          ","2","Juin","M06. ","6","30","152","181","184","2031"
"203107","2031","A2031. ","Semestre 2","SMSTR2","2","Trimestre 3         ","TRIM3          ","3","Juillet","M07. ","7","31","182","212","153","2031"
"203108","2031","A2031. ","Semestre 2","SMSTR2","2","Trimestre 3         ","TRIM3          ","3","Août","M08. ","8","31","213","243","122","2031"
"203109","2031","A2031. ","Semestre 2","SMSTR2","2","Trimestre 3         ","TRIM3          ","3","Septembre","M09. ","9","30","244","273","92","2031"
"203110","2031","A2031. ","Semestre 2","SMSTR2","2","Trimestre 4         ","TRIM4          ","4","Octobre","M10. ","10","31","274","304","61","2031"
"203111","2031","A2031. ","Semestre 2","SMSTR2","2","Trimestre 4         ","TRIM4          ","4","Novembre","M11. ","11","30","305","334","31","2031"
"203112","2031","A2031. ","Semestre 2","SMSTR2","2","Trimestre 4         ","TRIM4          ","4","Décembre","M12. ","12","31","335","365","0","2031"
"203201","2032","A2032. ","Semestre 1","SMSTR1","1","Trimestre 1         ","TRIM1          ","1","Janvier","M01. ","1","31","1","31","335","2032"
"203202","2032","A2032. ","Semestre 1","SMSTR1","1","Trimestre 1         ","TRIM1          ","1","Février","M02. ","2","29","32","60","306","2032"
"203203","2032","A2032. ","Semestre 1","SMSTR1","1","Trimestre 1         ","TRIM1          ","1","Mars","M03. ","3","31","61","91","275","2032"
"203204","2032","A2032. ","Semestre 1","SMSTR1","1","Trimestre 2         ","TRIM2          ","2","Avril","M04. ","4","30","92","121","245","2032"
"203205","2032","A2032. ","Semestre 1","SMSTR1","1","Trimestre 2         ","TRIM2          ","2","Mai","M05. ","5","31","122","152","214","2032"
"203206","2032","A2032. ","Semestre 1","SMSTR1","1","Trimestre 2         ","TRIM2          ","2","Juin","M06. ","6","30","153","182","184","2032"
"203207","2032","A2032. ","Semestre 2","SMSTR2","2","Trimestre 3         ","TRIM3          ","3","Juillet","M07. ","7","31","183","213","153","2032"
"203305","2033","A2033. ","Semestre 1","SMSTR1","1","Trimestre 2         ","TRIM2          ","2","Mai","M05. ","5","31","121","151","214","2033"
"203306","2033","A2033. ","Semestre 1","SMSTR1","1","Trimestre 2         ","TRIM2          ","2","Juin","M06. ","6","30","152","181","184","2033"
"203307","2033","A2033. ","Semestre 2","SMSTR2","2","Trimestre 3         ","TRIM3          ","3","Juillet","M07. ","7","31","182","212","153","2033"
"203308","2033","A2033. ","Semestre 2","SMSTR2","2","Trimestre 3         ","TRIM3          ","3","Août","M08. ","8","31","213","243","122","2033"
"203309","2033","A2033. ","Semestre 2","SMSTR2","2","Trimestre 3         ","TRIM3          ","3","Septembre","M09. ","9","30","244","273","92","2033"
"203310","2033","A2033. ","Semestre 2","SMSTR2","2","Trimestre 4         ","TRIM4          ","4","Octobre","M10. ","10","31","274","304","61","2033"
"203311","2033","A2033. ","Semestre 2","SMSTR2","2","Trimestre 4         ","TRIM4          ","4","Novembre","M11. ","11","30","305","334","31","2033"
"203312","2033","A2033. ","Semestre 2","SMSTR2","2","Trimestre 4         ","TRIM4          ","4","Décembre","M12. ","12","31","335","365","0","2033"
"203401","2034","A2034. ","Semestre 1","SMSTR1","1","Trimestre 1         ","TRIM1          ","1","Janvier","M01. ","1","31","1","31","334","2034"
"203402","2034","A2034. ","Semestre 1","SMSTR1","1","Trimestre 1         ","TRIM1          ","1","Février","M02. ","2","28","32","59","306","2034"
"203403","2034","A2034. ","Semestre 1","SMSTR1","1","Trimestre 1         ","TRIM1          ","1","Mars","M03. ","3","31","60","90","275","2034"
"203404","2034","A2034. ","Semestre 1","SMSTR1","1","Trimestre 2         ","TRIM2          ","2","Avril","M04. ","4","30","91","120","245","2034"
"203405","2034","A2034. ","Semestre 1","SMSTR1","1","Trimestre 2         ","TRIM2          ","2","Mai","M05. ","5","31","121","151","214","2034"
"203406","2034","A2034. ","Semestre 1","SMSTR1","1","Trimestre 2         ","TRIM2          ","2","Juin","M06. ","6","30","152","181","184","2034"
"203407","2034","A2034. ","Semestre 2","SMSTR2","2","Trimestre 3         ","TRIM3          ","3","Juillet","M07. ","7","31","182","212","153","2034"
"203408","2034","A2034. ","Semestre 2","SMSTR2","2","Trimestre 3         ","TRIM3          ","3","Août","M08. ","8","31","213","243","122","2034"
"203409","2034","A2034. ","Semestre 2","SMSTR2","2","Trimestre 3         ","TRIM3          ","3","Septembre","M09. ","9","30","244","273","92","2034"
"203410","2034","A2034. ","Semestre 2","SMSTR2","2","Trimestre 4         ","TRIM4          ","4","Octobre","M10. ","10","31","274","304","61","2034"
"203411","2034","A2034. ","Semestre 2","SMSTR2","2","Trimestre 4         ","TRIM4          ","4","Novembre","M11. ","11","30","305","334","31","2034"
"203412","2034","A2034. ","Semestre 2","SMSTR2","2","Trimestre 4         ","TRIM4          ","4","Décembre","M12. ","12","31","335","365","0","2034"
"203501","2035","A2035. ","Semestre 1","SMSTR1","1","Trimestre 1         ","TRIM1          ","1","Janvier","M01. ","1","31","1","31","334","2035"
"203502","2035","A2035. ","Semestre 1","SMSTR1","1","Trimestre 1         ","TRIM1          ","1","Février","M02. ","2","28","32","59","306","2035"
"203503","2035","A2035. ","Semestre 1","SMSTR1","1","Trimestre 1         ","TRIM1          ","1","Mars","M03. ","3","31","60","90","275","2035"
"203504","2035","A2035. ","Semestre 1","SMSTR1","1","Trimestre 2         ","TRIM2          ","2","Avril","M04. ","4","30","91","120","245","2035"
"203505","2035","A2035. ","Semestre 1","SMSTR1","1","Trimestre 2         ","TRIM2          ","2","Mai","M05. ","5","31","121","151","214","2035"
"203506","2035","A2035. ","Semestre 1","SMSTR1","1","Trimestre 2         ","TRIM2          ","2","Juin","M06. ","6","30","152","181","184","2035"
"203507","2035","A2035. ","Semestre 2","SMSTR2","2","Trimestre 3         ","TRIM3          ","3","Juillet","M07. ","7","31","182","212","153","2035"
"203508","2035","A2035. ","Semestre 2","SMSTR2","2","Trimestre 3         ","TRIM3          ","3","Août","M08. ","8","31","213","243","122","2035"
"203509","2035","A2035. ","Semestre 2","SMSTR2","2","Trimestre 3         ","TRIM3          ","3","Septembre","M09. ","9","30","244","273","92","2035"
"203510","2035","A2035. ","Semestre 2","SMSTR2","2","Trimestre 4         ","TRIM4          ","4","Octobre","M10. ","10","31","274","304","61","2035"
"203511","2035","A2035. ","Semestre 2","SMSTR2","2","Trimestre 4         ","TRIM4          ","4","Novembre","M11. ","11","30","305","334","31","2035"
"203512","2035","A2035. ","Semestre 2","SMSTR2","2","Trimestre 4         ","TRIM4          ","4","Décembre","M12. ","12","31","335","365","0","2035"
"203601","2036","A2036. ","Semestre 1","SMSTR1","1","Trimestre 1         ","TRIM1          ","1","Janvier","M01. ","1","31","1","31","335","2036"
"203602","2036","A2036. ","Semestre 1","SMSTR1","1","Trimestre 1         ","TRIM1          ","1","Février","M02. ","2","29","32","60","306","2036"
"203603","2036","A2036. ","Semestre 1","SMSTR1","1","Trimestre 1         ","TRIM1          ","1","Mars","M03. ","3","31","61","91","275","2036"
"203604","2036","A2036. ","Semestre 1","SMSTR1","1","Trimestre 2         ","TRIM2          ","2","Avril","M04. ","4","30","92","121","245","2036"
"203605","2036","A2036. ","Semestre 1","SMSTR1","1","Trimestre 2         ","TRIM2          ","2","Mai","M05. ","5","31","122","152","214","2036"
"203606","2036","A2036. ","Semestre 1","SMSTR1","1","Trimestre 2         ","TRIM2          ","2","Juin","M06. ","6","30","153","182","184","2036"
"203607","2036","A2036. ","Semestre 2","SMSTR2","2","Trimestre 3         ","TRIM3          ","3","Juillet","M07. ","7","31","183","213","153","2036"
"203608","2036","A2036. ","Semestre 2","SMSTR2","2","Trimestre 3         ","TRIM3          ","3","Août","M08. ","8","31","214","244","122","2036"
"203609","2036","A2036. ","Semestre 2","SMSTR2","2","Trimestre 3         ","TRIM3          ","3","Septembre","M09. ","9","30","245","274","92","2036"
"203610","2036","A2036. ","Semestre 2","SMSTR2","2","Trimestre 4         ","TRIM4          ","4","Octobre","M10. ","10","31","275","305","61","2036"
"203611","2036","A2036. ","Semestre 2","SMSTR2","2","Trimestre 4         ","TRIM4          ","4","Novembre","M11. ","11","30","306","335","31","2036"
"203612","2036","A2036. ","Semestre 2","SMSTR2","2","Trimestre 4         ","TRIM4          ","4","Décembre","M12. ","12","31","336","366","0","2036"
"203701","2037","A2037. ","Semestre 1","SMSTR1","1","Trimestre 1         ","TRIM1          ","1","Janvier","M01. ","1","31","1","31","334","2037"
"203702","2037","A2037. ","Semestre 1","SMSTR1","1","Trimestre 1         ","TRIM1          ","1","Février","M02. ","2","28","32","59","306","2037"
"203703","2037","A2037. ","Semestre 1","SMSTR1","1","Trimestre 1         ","TRIM1          ","1","Mars","M03. ","3","31","60","90","275","2037"
"203704","2037","A2037. ","Semestre 1","SMSTR1","1","Trimestre 2         ","TRIM2          ","2","Avril","M04. ","4","30","91","120","245","2037"
"203705","2037","A2037. ","Semestre 1","SMSTR1","1","Trimestre 2         ","TRIM2          ","2","Mai","M05. ","5","31","121","151","214","2037"
"203706","2037","A2037. ","Semestre 1","SMSTR1","1","Trimestre 2         ","TRIM2          ","2","Juin","M06. ","6","30","152","181","184","2037"
"203804","2038","A2038. ","Semestre 1","SMSTR1","1","Trimestre 2         ","TRIM2          ","2","Avril","M04. ","4","30","91","120","245","2038"
"203805","2038","A2038. ","Semestre 1","SMSTR1","1","Trimestre 2         ","TRIM2          ","2","Mai","M05. ","5","31","121","151","214","2038"
"203806","2038","A2038. ","Semestre 1","SMSTR1","1","Trimestre 2         ","TRIM2          ","2","Juin","M06. ","6","30","152","181","184","2038"
"203807","2038","A2038. ","Semestre 2","SMSTR2","2","Trimestre 3         ","TRIM3          ","3","Juillet","M07. ","7","31","182","212","153","2038"
"203808","2038","A2038. ","Semestre 2","SMSTR2","2","Trimestre 3         ","TRIM3          ","3","Août","M08. ","8","31","213","243","122","2038"
"203809","2038","A2038. ","Semestre 2","SMSTR2","2","Trimestre 3         ","TRIM3          ","3","Septembre","M09. ","9","30","244","273","92","2038"
"203810","2038","A2038. ","Semestre 2","SMSTR2","2","Trimestre 4         ","TRIM4          ","4","Octobre","M10. ","10","31","274","304","61","2038"
"203811","2038","A2038. ","Semestre 2","SMSTR2","2","Trimestre 4         ","TRIM4          ","4","Novembre","M11. ","11","30","305","334","31","2038"
"203812","2038","A2038. ","Semestre 2","SMSTR2","2","Trimestre 4         ","TRIM4          ","4","Décembre","M12. ","12","31","335","365","0","2038"
"203901","2039","A2039. ","Semestre 1","SMSTR1","1","Trimestre 1         ","TRIM1          ","1","Janvier","M01. ","1","31","1","31","334","2039"
"203902","2039","A2039. ","Semestre 1","SMSTR1","1","Trimestre 1         ","TRIM1          ","1","Février","M02. ","2","28","32","59","306","2039"
"203903","2039","A2039. ","Semestre 1","SMSTR1","1","Trimestre 1         ","TRIM1          ","1","Mars","M03. ","3","31","60","90","275","2039"
"203904","2039","A2039. ","Semestre 1","SMSTR1","1","Trimestre 2         ","TRIM2          ","2","Avril","M04. ","4","30","91","120","245","2039"
"203905","2039","A2039. ","Semestre 1","SMSTR1","1","Trimestre 2         ","TRIM2          ","2","Mai","M05. ","5","31","121","151","214","2039"
"203906","2039","A2039. ","Semestre 1","SMSTR1","1","Trimestre 2         ","TRIM2          ","2","Juin","M06. ","6","30","152","181","184","2039"
"203907","2039","A2039. ","Semestre 2","SMSTR2","2","Trimestre 3         ","TRIM3          ","3","Juillet","M07. ","7","31","182","212","153","2039"
"203707","2037","A2037. ","Semestre 2","SMSTR2","2","Trimestre 3         ","TRIM3          ","3","Juillet","M07. ","7","31","182","212","153","2037"
"203708","2037","A2037. ","Semestre 2","SMSTR2","2","Trimestre 3         ","TRIM3          ","3","Août","M08. ","8","31","213","243","122","2037"
"203709","2037","A2037. ","Semestre 2","SMSTR2","2","Trimestre 3         ","TRIM3          ","3","Septembre","M09. ","9","30","244","273","92","2037"
"203710","2037","A2037. ","Semestre 2","SMSTR2","2","Trimestre 4         ","TRIM4          ","4","Octobre","M10. ","10","31","274","304","61","2037"
"203711","2037","A2037. ","Semestre 2","SMSTR2","2","Trimestre 4         ","TRIM4          ","4","Novembre","M11. ","11","30","305","334","31","2037"
"203712","2037","A2037. ","Semestre 2","SMSTR2","2","Trimestre 4         ","TRIM4          ","4","Décembre","M12. ","12","31","335","365","0","2037"
"203801","2038","A2038. ","Semestre 1","SMSTR1","1","Trimestre 1         ","TRIM1          ","1","Janvier","M01. ","1","31","1","31","334","2038"
"203802","2038","A2038. ","Semestre 1","SMSTR1","1","Trimestre 1         ","TRIM1          ","1","Février","M02. ","2","28","32","59","306","2038"
"203803","2038","A2038. ","Semestre 1","SMSTR1","1","Trimestre 1         ","TRIM1          ","1","Mars","M03. ","3","31","60","90","275","2038"
"204101","2041","A2041. ","Semestre 1","SMSTR1","1","Trimestre 1         ","TRIM1          ","1","Janvier","M01. ","1","31","1","31","334","2041"
"204102","2041","A2041. ","Semestre 1","SMSTR1","1","Trimestre 1         ","TRIM1          ","1","Février","M02. ","2","28","32","59","306","2041"
"204103","2041","A2041. ","Semestre 1","SMSTR1","1","Trimestre 1         ","TRIM1          ","1","Mars","M03. ","3","31","60","90","275","2041"
"204104","2041","A2041. ","Semestre 1","SMSTR1","1","Trimestre 2         ","TRIM2          ","2","Avril","M04. ","4","30","91","120","245","2041"
"204105","2041","A2041. ","Semestre 1","SMSTR1","1","Trimestre 2         ","TRIM2          ","2","Mai","M05. ","5","31","121","151","214","2041"
"204106","2041","A2041. ","Semestre 1","SMSTR1","1","Trimestre 2         ","TRIM2          ","2","Juin","M06. ","6","30","152","181","184","2041"
"204107","2041","A2041. ","Semestre 2","SMSTR2","2","Trimestre 3         ","TRIM3          ","3","Juillet","M07. ","7","31","182","212","153","2041"
"204108","2041","A2041. ","Semestre 2","SMSTR2","2","Trimestre 3         ","TRIM3          ","3","Août","M08. ","8","31","213","243","122","2041"
"203908","2039","A2039. ","Semestre 2","SMSTR2","2","Trimestre 3         ","TRIM3          ","3","Août","M08. ","8","31","213","243","122","2039"
"203909","2039","A2039. ","Semestre 2","SMSTR2","2","Trimestre 3         ","TRIM3          ","3","Septembre","M09. ","9","30","244","273","92","2039"
"203910","2039","A2039. ","Semestre 2","SMSTR2","2","Trimestre 4         ","TRIM4          ","4","Octobre","M10. ","10","31","274","304","61","2039"
"203911","2039","A2039. ","Semestre 2","SMSTR2","2","Trimestre 4         ","TRIM4          ","4","Novembre","M11. ","11","30","305","334","31","2039"
"203912","2039","A2039. ","Semestre 2","SMSTR2","2","Trimestre 4         ","TRIM4          ","4","Décembre","M12. ","12","31","335","365","0","2039"
"204001","2040","A2040. ","Semestre 1","SMSTR1","1","Trimestre 1         ","TRIM1          ","1","Janvier","M01. ","1","31","1","31","335","2040"
"204002","2040","A2040. ","Semestre 1","SMSTR1","1","Trimestre 1         ","TRIM1          ","1","Février","M02. ","2","29","32","60","306","2040"
"204003","2040","A2040. ","Semestre 1","SMSTR1","1","Trimestre 1         ","TRIM1          ","1","Mars","M03. ","3","31","61","91","275","2040"
"204004","2040","A2040. ","Semestre 1","SMSTR1","1","Trimestre 2         ","TRIM2          ","2","Avril","M04. ","4","30","92","121","245","2040"
"204005","2040","A2040. ","Semestre 1","SMSTR1","1","Trimestre 2         ","TRIM2          ","2","Mai","M05. ","5","31","122","152","214","2040"
"204006","2040","A2040. ","Semestre 1","SMSTR1","1","Trimestre 2         ","TRIM2          ","2","Juin","M06. ","6","30","153","182","184","2040"
"204007","2040","A2040. ","Semestre 2","SMSTR2","2","Trimestre 3         ","TRIM3          ","3","Juillet","M07. ","7","31","183","213","153","2040"
"204008","2040","A2040. ","Semestre 2","SMSTR2","2","Trimestre 3         ","TRIM3          ","3","Août","M08. ","8","31","214","244","122","2040"
"204009","2040","A2040. ","Semestre 2","SMSTR2","2","Trimestre 3         ","TRIM3          ","3","Septembre","M09. ","9","30","245","274","92","2040"
"204010","2040","A2040. ","Semestre 2","SMSTR2","2","Trimestre 4         ","TRIM4          ","4","Octobre","M10. ","10","31","275","305","61","2040"
"204011","2040","A2040. ","Semestre 2","SMSTR2","2","Trimestre 4         ","TRIM4          ","4","Novembre","M11. ","11","30","306","335","31","2040"
"204012","2040","A2040. ","Semestre 2","SMSTR2","2","Trimestre 4         ","TRIM4          ","4","Décembre","M12. ","12","31","336","366","0","2040"
"204109","2041","A2041. ","Semestre 2","SMSTR2","2","Trimestre 3         ","TRIM3          ","3","Septembre","M09. ","9","30","244","273","92","2041"
"204110","2041","A2041. ","Semestre 2","SMSTR2","2","Trimestre 4         ","TRIM4          ","4","Octobre","M10. ","10","31","274","304","61","2041"
"204111","2041","A2041. ","Semestre 2","SMSTR2","2","Trimestre 4         ","TRIM4          ","4","Novembre","M11. ","11","30","305","334","31","2041"
"204112","2041","A2041. ","Semestre 2","SMSTR2","2","Trimestre 4         ","TRIM4          ","4","Décembre","M12. ","12","31","335","365","0","2041"
"204201","2042","A2042. ","Semestre 1","SMSTR1","1","Trimestre 1         ","TRIM1          ","1","Janvier","M01. ","1","31","1","31","334","2042"
"204202","2042","A2042. ","Semestre 1","SMSTR1","1","Trimestre 1         ","TRIM1          ","1","Février","M02. ","2","28","32","59","306","2042"
"204203","2042","A2042. ","Semestre 1","SMSTR1","1","Trimestre 1         ","TRIM1          ","1","Mars","M03. ","3","31","60","90","275","2042"
"204204","2042","A2042. ","Semestre 1","SMSTR1","1","Trimestre 2         ","TRIM2          ","2","Avril","M04. ","4","30","91","120","245","2042"
"204205","2042","A2042. ","Semestre 1","SMSTR1","1","Trimestre 2         ","TRIM2          ","2","Mai","M05. ","5","31","121","151","214","2042"
"204206","2042","A2042. ","Semestre 1","SMSTR1","1","Trimestre 2         ","TRIM2          ","2","Juin","M06. ","6","30","152","181","184","2042"
"204207","2042","A2042. ","Semestre 2","SMSTR2","2","Trimestre 3         ","TRIM3          ","3","Juillet","M07. ","7","31","182","212","153","2042"
"204208","2042","A2042. ","Semestre 2","SMSTR2","2","Trimestre 3         ","TRIM3          ","3","Août","M08. ","8","31","213","243","122","2042"
"204209","2042","A2042. ","Semestre 2","SMSTR2","2","Trimestre 3         ","TRIM3          ","3","Septembre","M09. ","9","30","244","273","92","2042"
"204210","2042","A2042. ","Semestre 2","SMSTR2","2","Trimestre 4         ","TRIM4          ","4","Octobre","M10. ","10","31","274","304","61","2042"
"204211","2042","A2042. ","Semestre 2","SMSTR2","2","Trimestre 4         ","TRIM4          ","4","Novembre","M11. ","11","30","305","334","31","2042"
"204212","2042","A2042. ","Semestre 2","SMSTR2","2","Trimestre 4         ","TRIM4          ","4","Décembre","M12. ","12","31","335","365","0","2042"
"204301","2043","A2043. ","Semestre 1","SMSTR1","1","Trimestre 1         ","TRIM1          ","1","Janvier","M01. ","1","31","1","31","334","2043"
"204302","2043","A2043. ","Semestre 1","SMSTR1","1","Trimestre 1         ","TRIM1          ","1","Février","M02. ","2","28","32","59","306","2043"
"204303","2043","A2043. ","Semestre 1","SMSTR1","1","Trimestre 1         ","TRIM1          ","1","Mars","M03. ","3","31","60","90","275","2043"
"204304","2043","A2043. ","Semestre 1","SMSTR1","1","Trimestre 2         ","TRIM2          ","2","Avril","M04. ","4","30","91","120","245","2043"
"204305","2043","A2043. ","Semestre 1","SMSTR1","1","Trimestre 2         ","TRIM2          ","2","Mai","M05. ","5","31","121","151","214","2043"
"204306","2043","A2043. ","Semestre 1","SMSTR1","1","Trimestre 2         ","TRIM2          ","2","Juin","M06. ","6","30","152","181","184","2043"
"204307","2043","A2043. ","Semestre 2","SMSTR2","2","Trimestre 3         ","TRIM3          ","3","Juillet","M07. ","7","31","182","212","153","2043"
"204308","2043","A2043. ","Semestre 2","SMSTR2","2","Trimestre 3         ","TRIM3          ","3","Août","M08. ","8","31","213","243","122","2043"
"204309","2043","A2043. ","Semestre 2","SMSTR2","2","Trimestre 3         ","TRIM3          ","3","Septembre","M09. ","9","30","244","273","92","2043"
"204310","2043","A2043. ","Semestre 2","SMSTR2","2","Trimestre 4         ","TRIM4          ","4","Octobre","M10. ","10","31","274","304","61","2043"
"204311","2043","A2043. ","Semestre 2","SMSTR2","2","Trimestre 4         ","TRIM4          ","4","Novembre","M11. ","11","30","305","334","31","2043"
"204312","2043","A2043. ","Semestre 2","SMSTR2","2","Trimestre 4         ","TRIM4          ","4","Décembre","M12. ","12","31","335","365","0","2043"
"204401","2044","A2044. ","Semestre 1","SMSTR1","1","Trimestre 1         ","TRIM1          ","1","Janvier","M01. ","1","31","1","31","335","2044"
"204402","2044","A2044. ","Semestre 1","SMSTR1","1","Trimestre 1         ","TRIM1          ","1","Février","M02. ","2","29","32","60","306","2044"
"204403","2044","A2044. ","Semestre 1","SMSTR1","1","Trimestre 1         ","TRIM1          ","1","Mars","M03. ","3","31","61","91","275","2044"
"204404","2044","A2044. ","Semestre 1","SMSTR1","1","Trimestre 2         ","TRIM2          ","2","Avril","M04. ","4","30","92","121","245","2044"
"204405","2044","A2044. ","Semestre 1","SMSTR1","1","Trimestre 2         ","TRIM2          ","2","Mai","M05. ","5","31","122","152","214","2044"
"204406","2044","A2044. ","Semestre 1","SMSTR1","1","Trimestre 2         ","TRIM2          ","2","Juin","M06. ","6","30","153","182","184","2044"
"204407","2044","A2044. ","Semestre 2","SMSTR2","2","Trimestre 3         ","TRIM3          ","3","Juillet","M07. ","7","31","183","213","153","2044"
"204408","2044","A2044. ","Semestre 2","SMSTR2","2","Trimestre 3         ","TRIM3          ","3","Août","M08. ","8","31","214","244","122","2044"
"204409","2044","A2044. ","Semestre 2","SMSTR2","2","Trimestre 3         ","TRIM3          ","3","Septembre","M09. ","9","30","245","274","92","2044"
"204410","2044","A2044. ","Semestre 2","SMSTR2","2","Trimestre 4         ","TRIM4          ","4","Octobre","M10. ","10","31","275","305","61","2044"
"204411","2044","A2044. ","Semestre 2","SMSTR2","2","Trimestre 4         ","TRIM4          ","4","Novembre","M11. ","11","30","306","335","31","2044"
"204412","2044","A2044. ","Semestre 2","SMSTR2","2","Trimestre 4         ","TRIM4          ","4","Décembre","M12. ","12","31","336","366","0","2044"
"204501","2045","A2045. ","Semestre 1","SMSTR1","1","Trimestre 1         ","TRIM1          ","1","Janvier","M01. ","1","31","1","31","334","2045"
"204502","2045","A2045. ","Semestre 1","SMSTR1","1","Trimestre 1         ","TRIM1          ","1","Février","M02. ","2","28","32","59","306","2045"
"204503","2045","A2045. ","Semestre 1","SMSTR1","1","Trimestre 1         ","TRIM1          ","1","Mars","M03. ","3","31","60","90","275","2045"
"204504","2045","A2045. ","Semestre 1","SMSTR1","1","Trimestre 2         ","TRIM2          ","2","Avril","M04. ","4","30","91","120","245","2045"
"204505","2045","A2045. ","Semestre 1","SMSTR1","1","Trimestre 2         ","TRIM2          ","2","Mai","M05. ","5","31","121","151","214","2045"
"204506","2045","A2045. ","Semestre 1","SMSTR1","1","Trimestre 2         ","TRIM2          ","2","Juin","M06. ","6","30","152","181","184","2045"
"204507","2045","A2045. ","Semestre 2","SMSTR2","2","Trimestre 3         ","TRIM3          ","3","Juillet","M07. ","7","31","182","212","153","2045"
"204508","2045","A2045. ","Semestre 2","SMSTR2","2","Trimestre 3         ","TRIM3          ","3","Août","M08. ","8","31","213","243","122","2045"
"204509","2045","A2045. ","Semestre 2","SMSTR2","2","Trimestre 3         ","TRIM3          ","3","Septembre","M09. ","9","30","244","273","92","2045"
"204510","2045","A2045. ","Semestre 2","SMSTR2","2","Trimestre 4         ","TRIM4          ","4","Octobre","M10. ","10","31","274","304","61","2045"
"204606","2046","A2046. ","Semestre 1","SMSTR1","1","Trimestre 2         ","TRIM2          ","2","Juin","M06. ","6","30","152","181","184","2046"
"204607","2046","A2046. ","Semestre 2","SMSTR2","2","Trimestre 3         ","TRIM3          ","3","Juillet","M07. ","7","31","182","212","153","2046"
"204608","2046","A2046. ","Semestre 2","SMSTR2","2","Trimestre 3         ","TRIM3          ","3","Août","M08. ","8","31","213","243","122","2046"
"204609","2046","A2046. ","Semestre 2","SMSTR2","2","Trimestre 3         ","TRIM3          ","3","Septembre","M09. ","9","30","244","273","92","2046"
"204610","2046","A2046. ","Semestre 2","SMSTR2","2","Trimestre 4         ","TRIM4          ","4","Octobre","M10. ","10","31","274","304","61","2046"
"204611","2046","A2046. ","Semestre 2","SMSTR2","2","Trimestre 4         ","TRIM4          ","4","Novembre","M11. ","11","30","305","334","31","2046"
"204612","2046","A2046. ","Semestre 2","SMSTR2","2","Trimestre 4         ","TRIM4          ","4","Décembre","M12. ","12","31","335","365","0","2046"
"204701","2047","A2047. ","Semestre 1","SMSTR1","1","Trimestre 1         ","TRIM1          ","1","Janvier","M01. ","1","31","1","31","334","2047"
"204702","2047","A2047. ","Semestre 1","SMSTR1","1","Trimestre 1         ","TRIM1          ","1","Février","M02. ","2","28","32","59","306","2047"
"204703","2047","A2047. ","Semestre 1","SMSTR1","1","Trimestre 1         ","TRIM1          ","1","Mars","M03. ","3","31","60","90","275","2047"
"204704","2047","A2047. ","Semestre 1","SMSTR1","1","Trimestre 2         ","TRIM2          ","2","Avril","M04. ","4","30","91","120","245","2047"
"204705","2047","A2047. ","Semestre 1","SMSTR1","1","Trimestre 2         ","TRIM2          ","2","Mai","M05. ","5","31","121","151","214","2047"
"204706","2047","A2047. ","Semestre 1","SMSTR1","1","Trimestre 2         ","TRIM2          ","2","Juin","M06. ","6","30","152","181","184","2047"
"204707","2047","A2047. ","Semestre 2","SMSTR2","2","Trimestre 3         ","TRIM3          ","3","Juillet","M07. ","7","31","182","212","153","2047"
"204708","2047","A2047. ","Semestre 2","SMSTR2","2","Trimestre 3         ","TRIM3          ","3","Août","M08. ","8","31","213","243","122","2047"
"204709","2047","A2047. ","Semestre 2","SMSTR2","2","Trimestre 3         ","TRIM3          ","3","Septembre","M09. ","9","30","244","273","92","2047"
"204710","2047","A2047. ","Semestre 2","SMSTR2","2","Trimestre 4         ","TRIM4          ","4","Octobre","M10. ","10","31","274","304","61","2047"
"204711","2047","A2047. ","Semestre 2","SMSTR2","2","Trimestre 4         ","TRIM4          ","4","Novembre","M11. ","11","30","305","334","31","2047"
"204511","2045","A2045. ","Semestre 2","SMSTR2","2","Trimestre 4         ","TRIM4          ","4","Novembre","M11. ","11","30","305","334","31","2045"
"204512","2045","A2045. ","Semestre 2","SMSTR2","2","Trimestre 4         ","TRIM4          ","4","Décembre","M12. ","12","31","335","365","0","2045"
"204601","2046","A2046. ","Semestre 1","SMSTR1","1","Trimestre 1         ","TRIM1          ","1","Janvier","M01. ","1","31","1","31","334","2046"
"204602","2046","A2046. ","Semestre 1","SMSTR1","1","Trimestre 1         ","TRIM1          ","1","Février","M02. ","2","28","32","59","306","2046"
"204603","2046","A2046. ","Semestre 1","SMSTR1","1","Trimestre 1         ","TRIM1          ","1","Mars","M03. ","3","31","60","90","275","2046"
"204604","2046","A2046. ","Semestre 1","SMSTR1","1","Trimestre 2         ","TRIM2          ","2","Avril","M04. ","4","30","91","120","245","2046"
"204605","2046","A2046. ","Semestre 1","SMSTR1","1","Trimestre 2         ","TRIM2          ","2","Mai","M05. ","5","31","121","151","214","2046"
"204902","2049","A2049. ","Semestre 1","SMSTR1","1","Trimestre 1         ","TRIM1          ","1","Février","M02. ","2","28","32","59","306","2049"
"204903","2049","A2049. ","Semestre 1","SMSTR1","1","Trimestre 1         ","TRIM1          ","1","Mars","M03. ","3","31","60","90","275","2049"
"204904","2049","A2049. ","Semestre 1","SMSTR1","1","Trimestre 2         ","TRIM2          ","2","Avril","M04. ","4","30","91","120","245","2049"
"204905","2049","A2049. ","Semestre 1","SMSTR1","1","Trimestre 2         ","TRIM2          ","2","Mai","M05. ","5","31","121","151","214","2049"
"204906","2049","A2049. ","Semestre 1","SMSTR1","1","Trimestre 2         ","TRIM2          ","2","Juin","M06. ","6","30","152","181","184","2049"
"204907","2049","A2049. ","Semestre 2","SMSTR2","2","Trimestre 3         ","TRIM3          ","3","Juillet","M07. ","7","31","182","212","153","2049"
"204908","2049","A2049. ","Semestre 2","SMSTR2","2","Trimestre 3         ","TRIM3          ","3","Août","M08. ","8","31","213","243","122","2049"
"204909","2049","A2049. ","Semestre 2","SMSTR2","2","Trimestre 3         ","TRIM3          ","3","Septembre","M09. ","9","30","244","273","92","2049"
"204910","2049","A2049. ","Semestre 2","SMSTR2","2","Trimestre 4         ","TRIM4          ","4","Octobre","M10. ","10","31","274","304","61","2049"
"204911","2049","A2049. ","Semestre 2","SMSTR2","2","Trimestre 4         ","TRIM4          ","4","Novembre","M11. ","11","30","305","334","31","2049"
"204912","2049","A2049. ","Semestre 2","SMSTR2","2","Trimestre 4         ","TRIM4          ","4","Décembre","M12. ","12","31","335","365","0","2049"
"204712","2047","A2047. ","Semestre 2","SMSTR2","2","Trimestre 4         ","TRIM4          ","4","Décembre","M12. ","12","31","335","365","0","2047"
"204801","2048","A2048. ","Semestre 1","SMSTR1","1","Trimestre 1         ","TRIM1          ","1","Janvier","M01. ","1","31","1","31","335","2048"
"204802","2048","A2048. ","Semestre 1","SMSTR1","1","Trimestre 1         ","TRIM1          ","1","Février","M02. ","2","29","32","60","306","2048"
"204803","2048","A2048. ","Semestre 1","SMSTR1","1","Trimestre 1         ","TRIM1          ","1","Mars","M03. ","3","31","61","91","275","2048"
"204804","2048","A2048. ","Semestre 1","SMSTR1","1","Trimestre 2         ","TRIM2          ","2","Avril","M04. ","4","30","92","121","245","2048"
"204805","2048","A2048. ","Semestre 1","SMSTR1","1","Trimestre 2         ","TRIM2          ","2","Mai","M05. ","5","31","122","152","214","2048"
"204806","2048","A2048. ","Semestre 1","SMSTR1","1","Trimestre 2         ","TRIM2          ","2","Juin","M06. ","6","30","153","182","184","2048"
"204807","2048","A2048. ","Semestre 2","SMSTR2","2","Trimestre 3         ","TRIM3          ","3","Juillet","M07. ","7","31","183","213","153","2048"
"204808","2048","A2048. ","Semestre 2","SMSTR2","2","Trimestre 3         ","TRIM3          ","3","Août","M08. ","8","31","214","244","122","2048"
"204809","2048","A2048. ","Semestre 2","SMSTR2","2","Trimestre 3         ","TRIM3          ","3","Septembre","M09. ","9","30","245","274","92","2048"
"204810","2048","A2048. ","Semestre 2","SMSTR2","2","Trimestre 4         ","TRIM4          ","4","Octobre","M10. ","10","31","275","305","61","2048"
"204811","2048","A2048. ","Semestre 2","SMSTR2","2","Trimestre 4         ","TRIM4          ","4","Novembre","M11. ","11","30","306","335","31","2048"
"204812","2048","A2048. ","Semestre 2","SMSTR2","2","Trimestre 4         ","TRIM4          ","4","Décembre","M12. ","12","31","336","366","0","2048"
"204901","2049","A2049. ","Semestre 1","SMSTR1","1","Trimestre 1         ","TRIM1          ","1","Janvier","M01. ","1","31","1","31","334","2049"
"205001","2050","A2050. ","Semestre 1","SMSTR1","1","Trimestre 1         ","TRIM1          ","1","Janvier","M01. ","1","31","1","31","334","2050"
"205002","2050","A2050. ","Semestre 1","SMSTR1","1","Trimestre 1         ","TRIM1          ","1","Février","M02. ","2","28","32","59","306","2050"
"205003","2050","A2050. ","Semestre 1","SMSTR1","1","Trimestre 1         ","TRIM1          ","1","Mars","M03. ","3","31","60","90","275","2050"
"205004","2050","A2050. ","Semestre 1","SMSTR1","1","Trimestre 2         ","TRIM2          ","2","Avril","M04. ","4","30","91","120","245","2050"
"205005","2050","A2050. ","Semestre 1","SMSTR1","1","Trimestre 2         ","TRIM2          ","2","Mai","M05. ","5","31","121","151","214","2050"
"205006","2050","A2050. ","Semestre 1","SMSTR1","1","Trimestre 2         ","TRIM2          ","2","Juin","M06. ","6","30","152","181","184","2050"
"205007","2050","A2050. ","Semestre 2","SMSTR2","2","Trimestre 3         ","TRIM3          ","3","Juillet","M07. ","7","31","182","212","153","2050"
"205008","2050","A2050. ","Semestre 2","SMSTR2","2","Trimestre 3         ","TRIM3          ","3","Août","M08. ","8","31","213","243","122","2050"
"205009","2050","A2050. ","Semestre 2","SMSTR2","2","Trimestre 3         ","TRIM3          ","3","Septembre","M09. ","9","30","244","273","92","2050"
"205010","2050","A2050. ","Semestre 2","SMSTR2","2","Trimestre 4         ","TRIM4          ","4","Octobre","M10. ","10","31","274","304","61","2050"
"205011","2050","A2050. ","Semestre 2","SMSTR2","2","Trimestre 4         ","TRIM4          ","4","Novembre","M11. ","11","30","305","334","31","2050"
"205012","2050","A2050. ","Semestre 2","SMSTR2","2","Trimestre 4         ","TRIM4          ","4","Décembre","M12. ","12","31","335","365","0","2050"
"202507","2025","A2025. ","Semestre 2","SMSTR2","2","Trimestre 3         ","TRIM3          ","3","Juillet","M07. ","7","31","182","212","153","2025"
"202508","2025","A2025. ","Semestre 2","SMSTR2","2","Trimestre 3         ","TRIM3          ","3","Août","M08. ","8","31","213","243","122","2025"
"202509","2025","A2025. ","Semestre 2","SMSTR2","2","Trimestre 3         ","TRIM3          ","3","Septembre","M09. ","9","30","244","273","92","2025"
"202510","2025","A2025. ","Semestre 2","SMSTR2","2","Trimestre 4         ","TRIM4          ","4","Octobre","M10. ","10","31","274","304","61","2025"
"202511","2025","A2025. ","Semestre 2","SMSTR2","2","Trimestre 4         ","TRIM4          ","4","Novembre","M11. ","11","30","305","334","31","2025"
"202512","2025","A2025. ","Semestre 2","SMSTR2","2","Trimestre 4         ","TRIM4          ","4","Décembre","M12. ","12","31","335","365","0","2025"
"202601","2026","A2026. ","Semestre 1","SMSTR1","1","Trimestre 1         ","TRIM1          ","1","Janvier","M01. ","1","31","1","31","334","2026"
"202602","2026","A2026. ","Semestre 1","SMSTR1","1","Trimestre 1         ","TRIM1          ","1","Février","M02. ","2","28","32","59","306","2026"
"202603","2026","A2026. ","Semestre 1","SMSTR1","1","Trimestre 1         ","TRIM1          ","1","Mars","M03. ","3","31","60","90","275","2026"
"202604","2026","A2026. ","Semestre 1","SMSTR1","1","Trimestre 2         ","TRIM2          ","2","Avril","M04. ","4","30","91","120","245","2026"
"202605","2026","A2026. ","Semestre 1","SMSTR1","1","Trimestre 2         ","TRIM2          ","2","Mai","M05. ","5","31","121","151","214","2026"
"202606","2026","A2026. ","Semestre 1","SMSTR1","1","Trimestre 2         ","TRIM2          ","2","Juin","M06. ","6","30","152","181","184","2026"
"202607","2026","A2026. ","Semestre 2","SMSTR2","2","Trimestre 3         ","TRIM3          ","3","Juillet","M07. ","7","31","182","212","153","2026"
"202608","2026","A2026. ","Semestre 2","SMSTR2","2","Trimestre 3         ","TRIM3          ","3","Août","M08. ","8","31","213","243","122","2026"
"202609","2026","A2026. ","Semestre 2","SMSTR2","2","Trimestre 3         ","TRIM3          ","3","Septembre","M09. ","9","30","244","273","92","2026"
"202610","2026","A2026. ","Semestre 2","SMSTR2","2","Trimestre 4         ","TRIM4          ","4","Octobre","M10. ","10","31","274","304","61","2026"
"202611","2026","A2026. ","Semestre 2","SMSTR2","2","Trimestre 4         ","TRIM4          ","4","Novembre","M11. ","11","30","305","334","31","2026"
"202612","2026","A2026. ","Semestre 2","SMSTR2","2","Trimestre 4         ","TRIM4          ","4","Décembre","M12. ","12","31","335","365","0","2026"
"202701","2027","A2027. ","Semestre 1","SMSTR1","1","Trimestre 1         ","TRIM1          ","1","Janvier","M01. ","1","31","1","31","334","2027"
"202702","2027","A2027. ","Semestre 1","SMSTR1","1","Trimestre 1         ","TRIM1          ","1","Février","M02. ","2","28","32","59","306","2027"
"202703","2027","A2027. ","Semestre 1","SMSTR1","1","Trimestre 1         ","TRIM1          ","1","Mars","M03. ","3","31","60","90","275","2027"
"202704","2027","A2027. ","Semestre 1","SMSTR1","1","Trimestre 2         ","TRIM2          ","2","Avril","M04. ","4","30","91","120","245","2027"
"202705","2027","A2027. ","Semestre 1","SMSTR1","1","Trimestre 2         ","TRIM2          ","2","Mai","M05. ","5","31","121","151","214","2027"
"202706","2027","A2027. ","Semestre 1","SMSTR1","1","Trimestre 2         ","TRIM2          ","2","Juin","M06. ","6","30","152","181","184","2027"
"202707","2027","A2027. ","Semestre 2","SMSTR2","2","Trimestre 3         ","TRIM3          ","3","Juillet","M07. ","7","31","182","212","153","2027"
"202708","2027","A2027. ","Semestre 2","SMSTR2","2","Trimestre 3         ","TRIM3          ","3","Août","M08. ","8","31","213","243","122","2027"
"202709","2027","A2027. ","Semestre 2","SMSTR2","2","Trimestre 3         ","TRIM3          ","3","Septembre","M09. ","9","30","244","273","92","2027"
"202710","2027","A2027. ","Semestre 2","SMSTR2","2","Trimestre 4         ","TRIM4          ","4","Octobre","M10. ","10","31","274","304","61","2027"
"202711","2027","A2027. ","Semestre 2","SMSTR2","2","Trimestre 4         ","TRIM4          ","4","Novembre","M11. ","11","30","305","334","31","2027"
"202712","2027","A2027. ","Semestre 2","SMSTR2","2","Trimestre 4         ","TRIM4          ","4","Décembre","M12. ","12","31","335","365","0","2027"
"202801","2028","A2028. ","Semestre 1","SMSTR1","1","Trimestre 1         ","TRIM1          ","1","Janvier","M01. ","1","31","1","31","335","2028"
"202802","2028","A2028. ","Semestre 1","SMSTR1","1","Trimestre 1         ","TRIM1          ","1","Février","M02. ","2","29","32","60","306","2028"
"202803","2028","A2028. ","Semestre 1","SMSTR1","1","Trimestre 1         ","TRIM1          ","1","Mars","M03. ","3","31","61","91","275","2028"
"202804","2028","A2028. ","Semestre 1","SMSTR1","1","Trimestre 2         ","TRIM2          ","2","Avril","M04. ","4","30","92","121","245","2028"
"202805","2028","A2028. ","Semestre 1","SMSTR1","1","Trimestre 2         ","TRIM2          ","2","Mai","M05. ","5","31","122","152","214","2028"
"202806","2028","A2028. ","Semestre 1","SMSTR1","1","Trimestre 2         ","TRIM2          ","2","Juin","M06. ","6","30","153","182","184","2028"
"202807","2028","A2028. ","Semestre 2","SMSTR2","2","Trimestre 3         ","TRIM3          ","3","Juillet","M07. ","7","31","183","213","153","2028"
"202808","2028","A2028. ","Semestre 2","SMSTR2","2","Trimestre 3         ","TRIM3          ","3","Août","M08. ","8","31","214","244","122","2028"
"202809","2028","A2028. ","Semestre 2","SMSTR2","2","Trimestre 3         ","TRIM3          ","3","Septembre","M09. ","9","30","245","274","92","2028"
"202810","2028","A2028. ","Semestre 2","SMSTR2","2","Trimestre 4         ","TRIM4          ","4","Octobre","M10. ","10","31","275","305","61","2028"
"202811","2028","A2028. ","Semestre 2","SMSTR2","2","Trimestre 4         ","TRIM4          ","4","Novembre","M11. ","11","30","306","335","31","2028"
"202812","2028","A2028. ","Semestre 2","SMSTR2","2","Trimestre 4         ","TRIM4          ","4","Décembre","M12. ","12","31","336","366","0","2028"
"202901","2029","A2029. ","Semestre 1","SMSTR1","1","Trimestre 1         ","TRIM1          ","1","Janvier","M01. ","1","31","1","31","334","2029"
"202902","2029","A2029. ","Semestre 1","SMSTR1","1","Trimestre 1         ","TRIM1          ","1","Février","M02. ","2","28","32","59","306","2029"
"202910","2029","A2029. ","Semestre 2","SMSTR2","2","Trimestre 4         ","TRIM4          ","4","Octobre","M10. ","10","31","274","304","61","2029"
"202911","2029","A2029. ","Semestre 2","SMSTR2","2","Trimestre 4         ","TRIM4          ","4","Novembre","M11. ","11","30","305","334","31","2029"
"202912","2029","A2029. ","Semestre 2","SMSTR2","2","Trimestre 4         ","TRIM4          ","4","Décembre","M12. ","12","31","335","365","0","2029"
"203001","2030","A2030. ","Semestre 1","SMSTR1","1","Trimestre 1         ","TRIM1          ","1","Janvier","M01. ","1","31","1","31","334","2030"
"203002","2030","A2030. ","Semestre 1","SMSTR1","1","Trimestre 1         ","TRIM1          ","1","Février","M02. ","2","28","32","59","306","2030"
"203003","2030","A2030. ","Semestre 1","SMSTR1","1","Trimestre 1         ","TRIM1          ","1","Mars","M03. ","3","31","60","90","275","2030"
"203004","2030","A2030. ","Semestre 1","SMSTR1","1","Trimestre 2         ","TRIM2          ","2","Avril","M04. ","4","30","91","120","245","2030"
"203005","2030","A2030. ","Semestre 1","SMSTR1","1","Trimestre 2         ","TRIM2          ","2","Mai","M05. ","5","31","121","151","214","2030"
"203006","2030","A2030. ","Semestre 1","SMSTR1","1","Trimestre 2         ","TRIM2          ","2","Juin","M06. ","6","30","152","181","184","2030"
"203007","2030","A2030. ","Semestre 2","SMSTR2","2","Trimestre 3         ","TRIM3          ","3","Juillet","M07. ","7","31","182","212","153","2030"
"203008","2030","A2030. ","Semestre 2","SMSTR2","2","Trimestre 3         ","TRIM3          ","3","Août","M08. ","8","31","213","243","122","2030"
"203009","2030","A2030. ","Semestre 2","SMSTR2","2","Trimestre 3         ","TRIM3          ","3","Septembre","M09. ","9","30","244","273","92","2030"
"203010","2030","A2030. ","Semestre 2","SMSTR2","2","Trimestre 4         ","TRIM4          ","4","Octobre","M10. ","10","31","274","304","61","2030"
"203011","2030","A2030. ","Semestre 2","SMSTR2","2","Trimestre 4         ","TRIM4          ","4","Novembre","M11. ","11","30","305","334","31","2030"
"203012","2030","A2030. ","Semestre 2","SMSTR2","2","Trimestre 4         ","TRIM4          ","4","Décembre","M12. ","12","31","335","365","0","2030"
"203101","2031","A2031. ","Semestre 1","SMSTR1","1","Trimestre 1         ","TRIM1          ","1","Janvier","M01. ","1","31","1","31","334","2031"
"203102","2031","A2031. ","Semestre 1","SMSTR1","1","Trimestre 1         ","TRIM1          ","1","Février","M02. ","2","28","32","59","306","2031"
