ID_AGEC;CH_COD_AGEC;FK_GRP_RES;CH_LIB_LONG_AGEC;FK_CATEG_AGEC
-2;9999;-1;RECAP AGENCE;-1
-1;NA;-1;NON RENSEIGNE;-1
1;0001;154;CASA LIBERTE;2
2;0005;24;CASA BALADIA;2
3;0009;7;CASA MERS SULTAN;4
4;0011;143;CASA RUE KARATCHI;2
5;0015;47;DIRECTION GENERALE;5
6;0019;143;CASA MOULAY ISMAIL;2
7;0020;18;C.A. KENITRA;1
8;0024;7;BUR.SBATA   MEKNES;4
9;0028;17;C.A. MOULAY YOUSSEF;1
10;0030;85;MARRAKECH COLISEE;2
11;0034;48;KELAA SRAGHNA;2
12;0038;80;AGADIR AL INBIAAT;2
13;0042;130;SIDI KACEM MED V;2
14;0046;147;MARRAKECH BAB DOUKAL;2
15;0052;7;FES BUREAU BAB FTOUH;4
16;0056;13;C.A. FES;1
17;0063;94;AHFIR PLCE BIR ANZARANE;2
18;0067;112;AL HOCEIMA MOHAMED V;2
19;0073;12;RABAT Y.EL MANSOUR;2
20;0077;112;TARGUIST;2
21;0083;19;ESSAOUIRA GDE PLACE;2
22;0087;122;SIDI BENNOUR AV. FAR;2
23;0093;3;TETOUAN;2
24;0097;30;KHOURIBGA PRINCIPALE;2
25;0104;47;ASSAINISSEMENT BASCULE;5
26;0108;7;KENITRA ASSWAK ESSALAM;4
27;0110;81;CASA SIDI MAAROUF;2
28;0114;124;CASA OQBA IBN NAFIA;2
29;0118;141;CASA OUED EDDAHAB;2
30;0121;7;CASA LA GIRONDE;4
31;0125;11;CASA AL MASSIRA;2
32;0129;146;CASA BAGATELLE;2
33;0131;47;ALI IBEN MANSOUR;5
34;0135;47;COMPTABILITE;5
35;0139;47;SECRETARIAT GENERAL;5
36;0143;47;LOGISTIQUE ACHAT GROUPE;5
37;0147;47;SALLE DE MARCHE;3
38;0153;131;KENITRA PLCE MY YOUSSEF;2
39;0157;41;FES AL HOURIA;2
40;0162;112;BENI BOUAYACH;2
41;0166;109;KASSITA;2
42;0172;56;OUJDA SIDI ABDELWAHAB;2
43;0176;140;SUCC.TETOUAN;1
44;0182;150;CASA SIDI MOUMEN;2
45;0186;149;AIT MELLOUL AL MASSIRA;2
46;0192;41;FES MIMOSAS;2
47;0203;110;SEGHANGHANE;2
48;0207;56;DAR AL MOUKAWIL OUJDA;2
49;0213;22;CASA KHAWARIZMI;2
50;0217;146;MARJANE CASA;2
51;0222;109;DAR KEBDANI/NADOR;2
52;0226;41;FES AGDAL;2
53;0232;130;SOUK EL ARBAA TARIK INB ZIAD;2
54;0236;110;ARUIT EXPANSION;2
55;0240;7;SUCC. ABDELMOUMEN EXPANSION;4
56;0244;138;TANGER BIR ANZARANE;2
57;0248;46;TIZNIT VILLE NOUVELLE;2
58;0250;40;TANGER BETHOVEN;2
59;0254;134;FES JNANATE;2
60;0258;151;BERRECHID MOHAMED V;2
61;0261;21;CASA TWIN CENTER;2
62;0265;94;BERKANE ANDALOUS;2
63;0269;30;KHOURIBGA EL QODS;2
64;0271;7;HAY RIAD EXPANSION;4
65;0275;141;CASA MEKDAD LAHRIZI;2
66;0279;81;CASA MY ABDELLAH;2
67;0281;7;CASA BERNOUSSI AMAL;4
68;0285;109;TAFARSIT;2
69;0289;56;OUJDA TOBA;2
70;0291;38;RABAT OCEAN;2
71;0295;103;MEKNES RIAD;2
72;0299;152;CASA EL FATH;2
73;0302;107;MARJANE AGADIR;2
74;0306;7;CASA LA RESISTANCE;4
75;0312;47;AUDIT GENERAL;5
76;0316;11;CASA LONGCHAMP;2
77;0323;47;RESEAU PP RIF ORIENTAL;5
78;0327;47;MONETIQUE;5
79;0333;22;CASA PREMIUM;2
80;0337;141;CASA SALMIA;2
81;0341;59;C.A. MECHOUAR;1
82;0345;98;ACIMA SAFI;2
83;0349;150;CASA AKID EL ALLAM;2
84;0351;154;CASA MOSTAPHA MAANI;2
85;0355;21;CASA RUE  NASSIH EDDINE;2
86;0359;124;CASA BEAULIEU;2
87;0360;141;CASA  AL JOULANE;2
88;0364;146;CASA TONTONVILLE;2
89;0368;24;CASA MECHOUAR;2
90;0370;7;CASA NATIONS UNIES;4
91;0374;86;C.A. MY ALI KETTANI;1
92;0378;47;WAFA PATRIMOINE;8
93;0380;24;CASA PLACE SRAGHNA;2
94;0384;143;CASA RUE SIJILMASSA;2
95;0388;154;CASA 11 JANVIER;2
96;0390;152;CASA HAY EL HANAA;2
97;0394;98;SAFI SAHAT AL  ISTIQLAL;2
98;0398;146;CASA RIVIERA;2
99;0401;150;CASA HAY SALAMA;2
100;0405;114;SOUK SEBT;2
101;0409;88;C.A PORTE D'ANFA;1
102;0411;43;BENI MELLAL MAHATTA;2
103;0415;9;EL JADIDA MOHAMED V;2
104;0419;63;MOHAMMEDIA;2
105;0420;63;MOHAMMEDIA EL ALIA;2
106;0424;7;SIDI BENNOUR;4
107;0428;7;CASA SMIHA;4
108;0430;24;CASA HAY CHORFA;2
109;0434;27;KSAR EL KEBIR RTE DE LARACHE;2
110;0438;27;OUAZZANE;2
111;0442;138;TANGER MY.ABDELAZIZ;2
112;0446;38;RABAT LE MINARET;2
113;0452;7;RABAT AV.HASSAN II;4
114;0456;2;SALE.TABRIQUET;2
115;0463;131;KENITRA AV.MOHAMED V;2
116;0467;7;SOUK EL ARBAA MOHAMED V;4
117;0473;134;FES HAY LAMSALLA;2
118;0477;93;TAZA HAUT;2
119;0483;103;MEKNES JBABRA;2
120;0487;133;TAOUNATE EXPANSION;2
121;0493;19;ESSAOUIRA;2
122;0497;49;TINGHIR MOHAMED V;2
123;0500;151;MEDIOUNA;2
124;0504;149;AIT MELLOUL;2
125;0508;45;OULED TEIMA;2
126;0510;46;TIZNIT;2
127;0514;129;DAKHLA;2
128;0518;42;GUERCIF MOHAMED V;2
129;0521;110;ZAIO SIDI OTHMANE;2
130;0525;115;NADOR BD MED V;2
131;0529;112;AL HOCEIMA  MOULAY ABDELLAH;2
132;0531;138;TANGER BD MOHAMED V;2
133;0535;27;LARACHE   ZERKTOUNI;2
134;0539;50;EL GARA;2
135;0543;29;C.A. OUJDA;1
136;0547;146;CASA AL QODS;2
137;0553;-1;CTR KENITRA;5
138;0557;-1;CTR OUJDA;5
139;0562;-1;CTR TETOUAN;5
140;0566;103;MEKNES  MANSOUR;2
141;0572;47;SCES FIN. SPECIALISES;5
142;0576;47;LOGISTIQUE & ACHATS;5
143;0582;7;TETOUAN COELMA;4
144;0586;80;AGADIR EL MANZEH;2
145;0592;65;TANGER PASTEUR;2
146;0596;141;CASA AL OTHMANIA;2
147;0603;141;CASA DRISS ELHARTI;2
148;0607;141;CASA 6 NOVEMBRE;2
149;0613;65;TANGER VAL FLEURI;2
150;0617;7;TETOUAN BARRIO;4
151;0622;45;BIOUGRA;2
152;0626;43;BENI MELLAL SAADA;2
153;0632;127;KENITRA SAKNIA;2
154;0636;63;AIN HARROUDA;2
155;0640;63;MOHAMMEDIA ANFA;2
156;0644;48;TAMALLALT;4
157;0648;135;FES ENNAKHIL;2
158;0650;134;FES TGHAT;2
159;0654;7;CASA SIDI MAAROUF ALMOSTAQBAL;4
160;0658;85;MKCHE PRINCE MY ABDELLAH;2
161;0661;3;TETOUAN HMAMA;2
162;0665;7;CASA  BOURGOGNE  EXPANSION;4
163;0669;84;BNI DRAR;2
164;0671;82;MDIQ;2
165;0675;12;RABAT HY EL FATH;2
166;0679;107;AGADIR EL HOUDA;2
167;0681;98;SAFI BD KENNEDY;4
168;0685;26;TANGER AOUAMA;2
169;0689;131;KENITRA BAB FES;2
170;0691;7;NADOR JDID;4
171;0695;81;CASA ENNASSIM;2
172;0699;39;RABAT BENBARKA;2
173;0702;48;ATTAOUIA;2
174;0706;3;TETOUAN Q.ADMINISTRATIF;2
175;0712;48;AIT OURIR;2
176;0716;7;CASA ANASSI SIDI MOUMEN;4
177;0723;48;TAMANSOURT;2
178;0727;107;AGADIR RIAD ESSALAM;2
179;0733;7;CABO NEGRO LA CASSIA;4
180;0737;150;CASA SIDI MOUMEN EXPANSION;2
181;0741;25;SKHIRATE;2
182;0745;7;MARJANE KENITRA;4
183;0749;64;SALE HAY ESSALAM EXPANSION;2
184;0751;50;SETTAT RTE D'EL JADIDA;2
185;0755;3;TETOUAN TABOULA;2
186;0759;138;TANGER AL IRFANE;2
187;0760;151;ACIMA BERRECHID;2
188;0764;84;OUJDA AV.ABDERRAHIM BOUABID;2
189;0768;42;TAOURIRT MY YOUSSEF;2
190;0770;8;ERRACHIDIA MY ALI CHERIF;2
191;0774;7;TEMARA HAY NAHDA;4
192;0778;147;MARRAKECH ALLAL EL FASSI;2
193;0780;103;MEKNES SIDI BOUZEKRI;2
194;0784;107;DRARGA;2
195;0788;94;BERKANE RTE SAIDIA;2
196;0790;7;CASA CADI BEN DRISS;4
197;0794;7;SALE KARIA AV.HASSAN II;4
198;0798;107;AGADIR HAY DAKHLA EXTENSION;2
199;0801;110;BENI ANSAR AL MASSIRA;4
200;0805;7;CASA OUED TENSIFT;4
201;0809;7;TANGER RTE DE RABAT;4
202;0811;94;BERKANE SIDI SLIMANE;2
203;0815;50;SETTAT LALLA AICHA;2
204;0819;80;AGADIR CADI AYAD;2
205;0820;149;SIDI BIBI;2
206;0824;7;CASA BACHKOU;4
207;0828;12;RABAT 16 NOVEMBRE;2
208;0830;7;TEMSIA;4
209;0834;135;SEFROU BEN SEFFAR;2
210;0838;110;ZAIO OUHOUD;2
211;0842;84;OUJDA HASSAN II;2
212;0846;27;LARACHE MAGHRIB AL JADID;2
213;0852;7;MARAKECH HY CHARAF;4
214;0856;25;RABAT GUICH OUDAYA II;2
215;0863;50;TLAT LAOULAD;2
216;0867;115;CASHLESS NADOR LA CORNICHE;2
217;0873;12;RABAT AL MAJD;2
218;0877;129;BOUJDOUR;2
219;0883;7;TAZAGHINE;4
220;0887;89;AIN TAOUJDATE;2
221;0893;49;TAZNAKHTE;2
222;0897;127;KHEMISSET HY ESSALAM;2
223;0904;6;C.A AIT MELLOUL;1
224;0908;87;C.D'AFF CASA ZENATA;1
225;0910;127;AG.ROMMANI;4
226;0914;7;CASA BD.SAKIA ALHAMRA;4
227;0918;7;KENITRA HAOUZIA;4
228;0921;7;UNIVERSITE HASSAN II;4
229;0925;7;AGENCE MADAGH;4
230;0002;154;CASA PELE;2
231;0006;141;CASA CITE DJEMAA;2
232;0012;7;CASA SAHRAOUI;4
233;0016;47;ADMINISTR. CENTRALE;5
234;0023;130;SIDI SLIMANE HASSAN II;2
235;0027;11;CASA PARANFA;2
236;0033;46;GUELMIM MED V;2
237;0037;46;TIZNIT EXPANSION;2
238;0041;103;MEKNES SEKKAKINE;2
239;0045;127;TIFLET;2
240;0049;123;MARRAKECH HY HASSANI;2
241;0051;134;FES BUREAU DIOUNE;2
242;0055;134;FES BOUJLOUD;2
243;0059;42;GUERCIF MY YOUSSEF;2
244;0060;56;OUJDA ZERKTOUNI;2
245;0064;112;IMZOUREN PCE MARCHE VERTE;2
246;0068;109;MIDAR BIR ANZARANE;2
247;0070;38;RABAT BEN ABDELLAH;2
248;0074;12;RABAT AGDAL RUE DE SEBOU;2
249;0078;7;BUR.BENI ANSAR;4
250;0080;7;SAFI;4
251;0084;7;CASA MY CHERIF;4
252;0088;50;SETTAT ATLAS;2
253;0090;111;C.A.TANGER SOURIYENNE;1
254;0094;7;CASA EL FIDA;4
255;0098;73;C.A. MARRAKECH;1
256;0103;63;MOHAMMEDIA AL MOUKAWAMA;2
257;0107;9;EL JADIDA EXP;2
258;0113;109;DRIOUECH EXPANSION;2
259;0117;146;CASA LES EPERVIERS;2
260;0122;36;CASA 2 MARS;2
261;0126;101;C.A. MANSOUR EDDAHBI;1
262;0132;47;STRATEGIE ET DEVELOPPEMNT;5
263;0136;47;FINANCES GROUPE;5
264;0140;47;BANQUE DE DETAIL;5
265;0144;47;TRAITEMENT BANCAIRE DH;5
266;0148;47;RESEAU ENTREPRISE NORD;5
267;0150;46;LAKHSSASS;4
268;0154;3;TETOUAN MOULAY MEHDI;2
269;0158;7;LAAYOUNE MED V;4
270;0161;7;MEKNES EX SBC;4
271;0165;110;KARIAT AREKMANE;2
272;0169;89;MEKNES IBN KHALDOUN;2
273;0171;146;CASA OASIS;2
274;0175;58;MARRAKECH HIVERNAGE;2
275;0179;152;CASA HAY HASSANI;2
276;0181;78;C.A. RABAT SOUISSI;1
277;0185;45;OULED TEIMA MED V;2
278;0189;109;KRONA;2
279;0191;11;CASA BIR ANZARANE;2
280;0195;110;SELOUANE;2
281;0200;99;C.A. 2001;1
282;0204;147;MARRAKECH DAOUDIATE;2
283;0208;41;FES FLORENCE;2
284;0210;39;RABAT HAY RIAD AL ARZ;2
285;0214;150;CASA MOULAY RACHID;2
286;0218;36;CASA ANOUAL;2
287;0221;93;TAZA BIR ANZARANE;2
288;0225;7;INEZGANE 'LES CHALETS';4
289;0229;141;MEDIOUNA EXPANSION;2
290;0231;131;KENITRA SALAH EDDINE;2
291;0235;138;TANGER FLORENCE;2
292;0239;22;CASA SOUKTANI;2
293;0243;11;CASA AV.DU PHARE;2
294;0247;98;SAFI EXPANSION;2
295;0253;7;-;4
296;0257;7;SALE MEDINA;4
297;0262;143;CASA AMBASSADEUR BEN AICHA;2
298;0266;21;CASA PALMIERS;2
299;0272;24;CASA DERB ELKABIR;2
300;0276;135;FES MONTFLEURIE;2
301;0282;115;NADOR JAADAR;2
302;0286;115;NADOR RTE TAOUIMA;2
303;0292;12;RABAT EL MENZEH;2
304;0296;40;TANGER PLCE DE NAVARRE;2
305;0301;39;MARJANE HY RIAD;2
306;0305;65;MARJANE TANGER ROUTE DE RABAT;2
307;0309;124;CASA BERNOUSSI EXPANSION;2
308;0311;134;MARJANE FES;2
309;0315;85;MARRAKECH ACIMA EL KHATTABI;2
310;0319;7;MARINA SMIR;4
311;0320;47;RESEAU PP CASA NORD;5
312;0324;47;RESEAU ENTREPRISE SUD;5
313;0328;47;RESEAU PP SUD CENTRE;5
314;0330;146;CASA BD DE LA MECQUE;2
315;0334;81;CASA AIN CHOCK;2
316;0338;7;ACIMA CASA SIDI OTHMANE;4
317;0342;154;CASA MARHABA;2
318;0346;43;ACIMA BENI MELLAL;2
319;0352;7;C.A HASSAN II;4
320;0356;21;CASA PLACE DU MARCHE;2
321;0363;154;CASA HASSAN SEGHIR;2
322;0367;124;CASA HAY MOHAMMADI;2
323;0373;24;CASA PLACE VICTOIRE;2
324;0377;7;CASA ROYAL MANSOUR;4
325;0383;11;CASA RESIDENCE YASMINE;2
326;0387;7;CASA RUE DE STOKHOLM;4
327;0393;141;CASA BD 10 MARS;2
328;0397;124;CASA PANORAMA;2
329;0402;124;CASA ZENATA;2
330;0406;30;KHOURIBGA  ROUDANI;2
331;0412;30;KHOURIBGA MED V;2
332;0416;7;CASA PLACE DE LA FRATERNITE;4
333;0423;63;BEN SLIMANE;2
334;0427;27;ASILAH MED V;2
335;0433;82;FNIDEQ B;2
336;0437;115;NADOR IBN TACHFINE;2
337;0441;65;TANGER R.DE BELGIQUE;2
338;0445;7;BENI ANSAR;4
339;0449;12;RABAT AL KIFAH;2
340;0451;25;TEMARA;2
341;0455;7;RABAT ANNABA;4
342;0459;38;RABAT  ABDELKRIM AL KHATTABI;2
343;0460;7;RABAT DIOUR JAMAA;4
344;0464;131;DAR AL MOUKAWIL KENITRA;2
345;0468;41;FES MOHAMED V;2
346;0470;134;FES SIDI ALI BOUGHALEB;2
347;0474;7;FES SAISS;4
348;0478;135;SEFROU;2
349;0480;89;MEKNES AV.MOHAMED V;2
350;0484;7;SIDI KACEM PLACE AL MASSIRA;4
351;0488;85;MARRAKECH GUELIZ;2
352;0490;7;MARRAKECH SEMMARINE;4
353;0494;58;MKECH.LAMSALLA;2
354;0498;49;KELAAT M'GOUNA;2
355;0503;80;AGADIR TALBORJT;2
356;0507;149;INEZGANE PLACE DU MARCHE;2
357;0513;7;LAAYOUNE NEGJIR;4
358;0517;94;BERKANE  MED V;2
359;0522;109;DRIOUCH;2
360;0526;109;BEN TAYEB AL MOUWAHIDINE;2
361;0532;26;TANGER JIRARI;2
362;0536;65;TANGER RUE DE.FES;2
363;0540;86;C.A MY ALI KETTANI;1
364;0544;64;SALA AL JADIDA;2
365;0548;103;MARJANE MEKNES;2
366;0550;-1;CTR MEKNES;5
367;0554;-1;CTR AGADIR;5
368;0558;-1;CTR TANGER;5
369;0561;-1;CTR ALHOCEIMA;5
370;0565;121;FES HAY NASSIM;2
371;0569;84;OUJDA RTE TAZA;2
372;0571;47;BQUE PRIVEE GEST.ACT.& AS.;5
373;0575;47;GESTION DE PATRIMOINE;5
374;0579;47;S.I.G   B;5
375;0581;7;MARJANE BOURAGREG;4
376;0585;56;OUJDA  BOUDIR;2
377;0589;94;SAIDIA;2
378;0591;7;AGADIR ALKHAWASS;4
379;0595;41;FES PLACE ALLAL EL FASSI;2
380;0599;114;FQUIH BENSALEH;2
381;0600;24;CASA ELFARAH EXP;2
382;0604;39;AGENCE RABAT ENNAHDA;2
383;0608;110;TIZTOUTINE;2
384;0610;93;TAZA AL QODS;2
385;0614;26;TANGER BENDIBANE;2
386;0618;27;LARACHE RTE DE RABAT;2
387;0621;107;AGADIR TIKIOUINE;2
388;0625;43;KASBA TADLA;2
389;0629;7;CASA MY YOUSSEF;4
390;0631;81;CASA MY ABDELLAH EXP;2
391;0635;84;OUJDA AL QODS;2
392;0639;103;MEKNES  ZERHOUNIA;2
393;0643;9;EL JADIDA RTE SI BOUZID;2
394;0647;25;TEMARA MY DRISS 1 ER;2
395;0653;63;MOHAMMEDIA EXPANSION;2
396;0657;85;MARRAKECH AL MOSTAQBAL;2
397;0662;7;MARJANE HY HASSANI;4
398;0666;150;CASA JAOUHARA;2
399;0672;7;CASA DRISS EL HARTI;4
400;0676;25;TEMARA HASSAN 1ER;2
401;0682;122;KHEMIS ZEMAMRA;2
402;0686;65;TANGER MESNANA;2
403;0692;152;CASA HAY HASSANI EXPANSION;4
404;0696;152;CASA ZOUBEIR;2
405;0701;7;AGADIR AL WIFAK;4
406;0705;40;TANGER EL BALIA;2
407;0709;80;AGADIR LES AMICALES;2
408;0711;7;EL JADIDA LALLA ZAHRA;4
409;0715;154;CASA SOUR JDID;2
410;0719;151;AEROPORT  MOHAMED V;4
411;0720;93;OUED AMLIL;2
412;0724;2;SALE DAR EL HAMRA;2
413;0728;149;INEZGANE TARRAST;2
414;0730;7;CASA ANASSI EL OULFA;4
415;0734;7;MEDITERRANEA SAIDIA;4
416;0738;124;CASA BD ALI YATA;2
417;0742;124;CASA CHEFCHAOUNI;2
418;0746;7;MARJANE OUJDA;4
419;0752;7;CASA BD FOUARATE;4
420;0756;3;TETOUAN TOUILAA;2
421;0763;46;MIRLEFT;2
422;0767;112;AL HOCEIMA AV.HASSAN II;2
423;0773;24;CASA HAY TISSIR;2
424;0777;129;LAAYOUNE BD LA MECQUE;2
425;0783;107;AGADIR HAY ESSALAM;2
426;0787;7;CASA OUED DRAA;4
427;0793;64;SALE BETTANA HASSAN II;2
428;0797;3;TETOUAN SOUKNA;2
429;0802;25;TEMARA WIFAK EXPANSION;2
430;0806;7;MARRAKECH YACOUB EL MANSOUR;4
431;0812;7;MARRAKECH RMILA;4
432;0816;151;BERRECHID AV.HASSAN II;2
433;0823;7;CASA RTE D'EL JADIDA;4
434;0827;103;MEKNES  DALIA;2
435;0833;124;ACIMA CASA HY CHABAB;2
436;0837;56;OUJDA MANSOUR EDDAHBI;2
437;0841;135;MARJANE FES RT IMOUZZER;2
438;0845;129;CENTRE D'AFFAIRE LAAYOUNE;1
439;0849;19;CHICHAOUA;2
440;0851;122;OULAD FREJ;2
441;0855;65;TANGER LA MONTAGNE;2
442;0859;122;OUALIDIA;2
443;0860;7;FARKHANA;4
444;0864;7;MARJANE NADOR RTE SAIDIA;4
445;0868;57;SUC.ENT.BENI MELLAL;1
446;0870;109;DRIOUCH AL AMAL;4
447;0874;7;EL JADIDA MOUILHA;4
448;0878;122;AG.SIDI SMAIL;2
449;0880;7;CASA ABOU HOURAIRA;4
450;0884;15;KHENIFRA AL MASSIRA;2
451;0888;135;FES RIAD;2
452;0890;114;DAR OULD ZIDOUH;2
453;0894;84;OUJDA RTE SIDI YAHIA;2
454;0898;7;MEKNES TOULAL;4
455;0903;7;AIT MELLOUL RTE DE BOUIGRA;4
456;0907;7;CASA OULFA MY THAMY;4
457;0913;26;TANGER SD DRISS EXT.;2
458;0917;7;KENITRA EL FOUARATE;4
459;0922;7;AG.FES HY HASSANI;4
460;0926;89;MEKNES HAY SOUSSI;2
461;0003;7;CASA LES HALLES;4
462;0007;124;CASA GRDE CEINTURE;2
463;0013;7;SUCCURSALE F.A.R;4
464;0017;95;SUCC.ENTREP. MOHAMMEDIA;1
465;0022;131;KENITRA KHABBAZAT;2
466;0026;27;KSAR EL KEBIR MED V;2
467;0032;58;MARRAKECH BAB FTOUH;2
468;0036;149;INEZGANE KSIMA;2
469;0040;89;MEKNES HAMRIA;2
470;0044;127;KHEMISSET MED V;2
471;0048;11;CASA C I L;2
472;0050;41;FES EXPANSION;2
473;0054;7;FES RUE ALHOCEIMA;4
474;0058;93;BUREAU AKNOUL;2
475;0061;94;BERKANE EXPANSION;2
476;0065;115;NADOR;2
477;0069;110;MONTE ARUIT MED V;2
478;0071;38;RABAT AV.TEMARRA;2
479;0075;12;RABAT AL MASSIRA;2
480;0079;124;CASA AIN SEBAA;2
481;0081;19;YOUSSOUFIA HY EL HASSANI;2
482;0085;9;EL JADIDA PRINCIPALE;2
483;0089;41;BUR. FES SAADA;2
484;0091;40;TANGER MARCHE VERTE;4
485;0095;24;CASA HAY EL FARAH;2
486;0102;143;CASA LA VILLETTE;2
487;0106;38;RABAT HASSAN II;2
488;0112;141;CASA SIDI OTHMAN;2
489;0116;22;CASA BD D'ANFA;2
490;0123;11;CASA ROND POINT DES SPORTS;2
491;0127;21;CENTRE BEN OMAR;2
492;0133;47;FORMATION;5
493;0137;47;BANQUE DE L'ENTREPRISE;5
494;0141;47;RECOUVREMENT GROUPE;5
495;0145;47;TRAITEMENT BANCAIRE DEVISE;5
496;0149;47;AG. RECRUTEMENT CNJA;5
497;0151;100;C.A. RABAT EXPANSION;1
498;0155;49;SUCC.ENTRP.OUARZAZATE;2
499;0159;90;C.A. RABAT NATIONS UNIES;1
500;0160;38;RABAT MOULAY AL HASSAN;2
501;0164;8;ERRACHIDIA;2
502;0168;7;MARRAKECH ARSAT EL MAACH;4
503;0170;7;CASA OMAR EL KHAYAM;4
504;0174;103;MEKNES ZITOUNE;2
505;0178;22;CASA RUE GOULMIMA;2
506;0180;36;CASA ZERKTOUNI;2
507;0184;62;C.A. AGADIR;1
508;0188;49;TINRHIR AL MAHATTA;2
509;0190;36;CASA RUE BABYLONE;2
510;0194;41;DAR ALMOUKAWIL FES ABDELKIM KHATABI;2
511;0201;123;MARRAKECH AL MASSIRA;2
512;0205;146;CASA LA COLLINE;2
513;0209;85;MARRAKECH MOHAMED V;2
514;0211;38;RABAT ABDELMOUMEN;2
515;0215;115;NADOR LIGUE ARABE;2
516;0219;7;TAOUNATE;4
517;0220;42;EL AIOUN SIDI MELLOUK;2
518;0224;124;CASA BERNOUSSI SAADA;2
519;0228;110;BENI ANSAR EXP.;2
520;0230;115;NADOR OULED MIMOUN;2
521;0234;147;MARJANE MARRAKECH;2
522;0238;36;CASA REMBRANDT;2
523;0242;47;CAISSE CENTRALE SIEGE;7
524;0246;146;CASA ABDELMOUMEN;2
525;0252;7;AGADIR RUE MARRAKECH;4
526;0256;154;CASA LIGUE ARABE;2
527;0263;36;CASA ABDESLAM EL KHATTABI;2
528;0267;7;TANGER SAADA;4
529;0273;41;FES RTE IMMOUZER;2
530;0277;81;BOUSKOURA;2
531;0283;115;NADOR AL MASSIRA;2
532;0287;112;AL HOCEIMA SAADA;2
533;0293;150;CASA FORCES AUXILIAIRES;2
534;0297;8;ERFOUD;2
535;0300;146;CASA HORIZONS;2
536;0304;89;MEKNES KHALID IBN ELOUALID;2
537;0308;107;AGADIR HY DAKHLA;2
538;0310;21;CASA STENDHAL;2
539;0314;63;MARJANE MOHAMMADIA;4
540;0318;9;EL JADIDA IBN BADIS;2
541;0321;47;RESEAU PP CASA SUD;5
542;0325;47;RESEAU PP RABAT SALE GHARB;5
543;0329;47;RESEAU PP SOUSS SAHARA;5
544;0331;143;CASA AIN BORJA;2
545;0335;124;CASA A.SEBAA ALHAMD;2
546;0339;69;C.A. YACOUB EL MANSOUR;1
547;0343;154;CASA TAHAR SEBTI;2
548;0347;22;CASA LES CONSULATS;2
549;0353;154;CASA RAHAL EL MESKINI;2
550;0357;11;CASA ROMANDIE;2
551;0362;143;CASA EMILE ZOLA;2
552;0366;152;CASA OUM ERRABII;2
553;0372;7;CASA RUE CHENIER;4
554;0376;124;CASA BERNOUSSI PREFECTURE;2
555;0382;7;CASA GALILEE;4
556;0386;7;CASA KOREA;4
557;0392;22;CASA  JEAN JAURES;2
558;0396;22;CASA BD BOURGOGNE;2
559;0403;36;CASA R.P.EUROPE;2
560;0407;11;CASA NORMANDIE;2
561;0413;36;CASA MY IDRISS 1ER;2
562;0417;122;BIR JDID;2
563;0422;151;BERRECHID  OMAR EL KHATTABI;2
564;0426;112;DAR AL MOUKAWIL AL HOCEIMA;2
565;0432;7;FES HASSAN II;4
566;0436;7;MEKNES RUE DE SAFI;4
567;0440;7;TANGER R.DE.BELGI.A;4
568;0444;3;TETOUAN MECHOUAR;2
569;0448;12;RABAT AGDAL FAL OULD OUMEIR;2
570;0450;39;RABAT SOUISSI;2
571;0454;2;SALE;2
572;0458;7;SALE  ABDERRAHIM BOUABID;4
573;0461;7;RABAT HAY RYAD CARRE;4
574;0465;7;MECHRAA BELKSIRI SAHAT KIADA;4
575;0469;134;FES RCIF;2
576;0471;41;FES ATLAS;2
577;0475;7;FES AL ADARISSA;4
578;0479;41;FES ALLAL BEN ABDELLAH;2
579;0481;7;MEKNES MEDINA;4
580;0485;130;SIDI SLIMANE EXPANSION;2
581;0489;58;MARRAKECH MEDINA;2
582;0491;123;MARRAKECH ROUTE D'AGADIR;4
583;0495;58;MARRAKECH  MOHAMED VI;2
584;0499;80;AGADIR AV.HASSAN II;2
585;0502;80;AGADIR AV.MOUKAOUAMA;2
586;0506;149;DCHEIRA PERGOLA;2
587;0512;129;LAAYOUNE;2
588;0516;56;OUJDA MEDINA;2
589;0523;110;MONTE ARUIT  HASSAN II;2
590;0527;7;AKNOUL EXPANSION;4
591;0533;3;TETOUAN PRINCIPALE;2
592;0537;40;TANGER MY.YOUSSEF;2
593;0541;102;C.A HASSAN II;1
594;0545;64;SALE KARIA;2
595;0549;89;MEKNES OUISLANE;2
596;0551;-1;CTR RABAT;5
597;0555;-1;CTR FES;5
598;0559;-1;CTR TAZA;5
599;0560;-1;CTR NADOR;5
600;0564;7;TANGER MED;4
601;0568;46;HAD BELFAA;2
602;0570;47;CONSEIL  JURIDIQUE;5
603;0574;47;TRAIT. & SCES CLIENTELES;5
604;0578;47;S.I.G   A;5
605;0580;47;FRAIS GENERAUX PAIE EX-WAFA;5
606;0584;123;ACIMA MARRAKECH;2
607;0588;122;HAD SOUALEM;2
608;0590;131;KENITRA AL ISTQLAL;2
609;0594;38;RABAT AV.D'ALGER;2
610;0598;85;MARRAKECH EXPANSION;2
611;0601;138;TANGER BRANES;2
612;0605;7;KENITRA OULED OUJIH;4
613;0609;93;TAZA MY YOUSSEF;2
614;0611;147;MARRAKECH 18 NOVEMBRE;2
615;0615;7;TANGER MEDINA;4
616;0619;47;BANQUE MAROCAINS SANS FRONTIERES;5
617;0620;115;NADOR AL WAHDA;2
618;0624;103;AZROU;2
619;0628;152;CASA RTE AZEMMOUR;2
620;0630;81;CASA HAY CHRIFA;2
621;0634;7;MARJANE MARRAKECH MASSIRA;4
622;0638;124;CASA BERNOUSSI AL QODS;2
623;0642;122;AZEMMOUR;2
624;0646;40;TANGER RTE TETOUAN;2
625;0652;63;MOHAMMEDIA EL OUAFA;2
626;0656;2;SALE ROUTE DE KENITRA;2
627;0663;152;CASA CHAHDIA;2
628;0667;150;CASA AL MADINA AL JADIDA;2
629;0673;150;CASA MOHAMED BOUZIANE;2
630;0677;25;RABAT GUICH OUDAYA;2
631;0683;47;BANQUE DE FINANCEMENT;5
632;0687;81;CASA HAY AL INARA;2
633;0693;152;CASA ATLANTIQUE;2
634;0697;21;CASA VAL FLEURI;2
635;0700;47;ORGANISATION & REENGINEERING;5
636;0704;103;BOUFAKRANE;2
637;0708;98;SAFI MIFTAH AL KHEIR;2
638;0710;80;AGADIR BOUARGANE;2
639;0714;123;MARRAKECH DOHA;2
640;0718;81;CASA BD AL KHALIL;2
641;0721;129;LAAYOUNE EL MARSA;2
642;0725;46;TANTAN;2
643;0729;151;DEROUA;2
644;0731;141;CASA UNION AFRICAINE;2
645;0735;45;OULED BERHIL;2
646;0739;25;AIN AOUDA;2
647;0743;48;LOUDAYA;2
648;0747;7;MARJANE SAFI;4
649;0753;63;MOHAMADIA HAY RIAD;2
650;0757;3;TETOUAN MHANNECH;2
651;0762;114;AZILAL;2
652;0766;115;NADOR LAARASSI;2
653;0772;131;KENITRA VILLE HAUTE;2
654;0776;114;DEMNATE;2
655;0782;89;CASH LESS MEKNES GOUREAUD;2
656;0786;7;CASA EL MANAR;4
657;0792;7;SALE CHMAOU;4
658;0796;2;SALE LALLA ASMAE;2
659;0803;94;DAR AL MOUKAWIL BERKANE;1
660;0807;64;SALE HY INBIAT;2
661;0813;40;TANGER MOHAMED VI;2
662;0817;98;SAFI AZIB DERAI;2
663;0822;7;CASA ROCHES NOIRES;4
664;0826;7;OUED ZEM BD MED V;4
665;0832;131;KENITRA MED DIOURI;2
666;0836;7;ACIMA AIT MELLOUL;4
667;0840;85;MARRAKECH RTE DE CASA;2
668;0844;26;TANGER OUARDA;2
669;0848;30;KHOURIBGA AL YASMINE;2
670;0850;27;ASILAH 16 NOVEMBRE;2
671;0854;24;CASA GARE ROUTIERE;2
672;0858;123;MARRAKECH AZLI;2
673;0861;135;FES ZOUHOUR;2
674;0865;7;SHOPPING BANK MARJANE TANGER IKHLAS;4
675;0869;25;TEMARA MOULAY ALI CHERIF;2
676;0871;116;SUCCURSALE ENTREPRISE NADOR;1
677;0875;151;BERRECHID RTE MEDIOUNA;2
678;0879;63;MOHAMMEDIA PONT BLONDIN;2
679;0881;7;C.A CASA NEARSHORE;4
680;0885;15;MRIRT;2
681;0889;133;AG.RIBAT EL KHEIR;2
682;0891;7;SALA AL JADIDA TECHNOPOLIS;4
683;0895;45;AZROU AIT MELLOUL;2
684;0899;129;ES-SEMARA;2
685;0902;7;CA TECHNO.RABAT;4
686;0906;146;CASA LA COLLINE EXP.;2
687;0912;46;ASSA;2
688;0916;112;ISSAGUEN;2
689;0923;123;MARRAKECH AZZOUZIA;2
690;0927;131;KENITRA RTE DE MEHDIA;2
691;0000;31;C.A. LAHRIZI;1
692;0004;7;CASA ROUDANI;4
693;0008;143;CASA IBN TACHFINE;2
694;0010;66;C.A. DAKAR;1
695;0014;24;DAR AL MOUKAWIL CASA MEDIOUNA;2
696;0018;63;MOHAMMEDIA HAY EL HOURIA;2
697;0021;130;BEL KSIRI BIR ANZARANE;2
698;0025;7;LARACHE PLCE LIBERATION;4
699;0029;21;CASA BEAUSEJOUR;2
700;0031;58;MARRAKECH MY ISMAIL;2
701;0035;80;AGADIR;2
702;0039;46;BUREAU MASSA;2
703;0043;134;B.AIN KADDOUSS-FES;2
704;0047;7;TAOURIRT MY ABDELLAH;4
705;0053;134;FES BOUKHSSISSATE;2
706;0057;93;TAZA;2
707;0062;56;OUJDA RUE MARRAKECH;2
708;0066;7;ZAIO MED V;4
709;0072;38;RABAT ABOU INANE;2
710;0076;124;MARJANE AIN SEBAA;2
711;0082;7;B. RAS KEBDANA;4
712;0086;124;CASA BERNOUSSI HY TAREK;2
713;0092;26;TANGER B.BENI MAKADA;2
714;0096;43;DAR AL MOUKAWIL BENI MELLAL;2
715;0105;12;DAR ALMOUKAWIL RABAT AV.DE FRANCE;2
716;0109;7;MARJANE DERB SULTAN;4
717;0111;152;CASA EL OULFA;2
718;0115;21;CASA AL FOURATE;2
719;0119;22;CASA IZDIHAR;2
720;0120;22;CASA GAUTHIER;2
721;0124;22;CASA EXPANSION;2
722;0128;21;CASA SOCRATE;2
723;0130;47;D.G MR LE PRESIDENT;5
724;0134;47;SYSTEME INFORMATION GROUPE;5
725;0138;47;RESEAU ENTREPRISE CASA;5
726;0142;47;RESSOURCES HUMAINES;5
727;0146;47;RESEAU A L'ETRANGER;5
728;0152;45;TAROUDANT;2
729;0156;109;BEN TAYEB DRISS I;2
730;0163;2;SALE MOHAMED V;2
731;0167;110;BENI CHIKER;2
732;0173;26;D.A.M TANGER TARIK IBN ZIAD;2
733;0177;12;RABAT IBN YACINE;2
734;0183;64;SALE HAY ESSALAM;2
735;0187;89;MEKNES ELMENZEH;2
736;0193;103;MEKNES SIDI SAID;2
737;0202;93;AJDIR;2
738;0206;149;AGADIR DCHEIRA;2
739;0212;24;CASA CHOUAIB DOUKKALI;2
740;0216;135;FES ROUTE DE SEFROU;2
741;0223;8;RISSANI;2
742;0227;74;C.A AIN SEBAA;1
743;0233;30;KHOURIBGA EXP.;2
744;0237;154;SUCCURSALE F.A.R;2
745;0241;81;CASA SIDI MAAROUF EXP;2
746;0245;11;CASA LES IRIS;2
747;0249;45;AOULOUZ;2
748;0251;7;FES RUE AL HOCEIMA;4
749;0255;7;CASA LALLA YACOUT;4
750;0259;21;CASA GHANDI;2
751;0260;154;CASA OMAR RIFFI;2
752;0264;152;CASA OULFA EXPANSION;2
753;0268;25;HARHOURA;2
754;0270;129;LAAYOUNE NEGJIR;2
755;0274;143;CASA BELVEDERE;2
756;0278;152;CASA RUE SEBOU;2
757;0280;36;CASA MURDOCH;2
758;0284;109;AIN ZOHRA;2
759;0288;84;OUJDA LAZARET;2
760;0290;135;FES EL FARAH;2
761;0294;89;MEKNES HASSAN II;2
762;0298;26;TANGER AL MAJD;2
763;0303;82;SANIAT RMAL;2
764;0307;36;CASA RUE DE ROME;2
765;0313;30;KHOURIBGA ZELLAKA;2
766;0317;11;CASA LES  ARENES;2
767;0322;47;RESEAU PP FES MEKNES;5
768;0326;47;RESEAU PP NORD;5
769;0332;138;TANGER GZENAYA;2
770;0336;24;CASA OULED ZIANE;2
771;0340;60;C.A. MANDARONA;1
772;0344;82;MARJANE TETOUAN;2
773;0348;121;FES BENSOUDA;2
774;0350;154;CASA MOHAMED V;2
775;0354;21;CASA MAARIF;2
776;0358;143;CASA BA HMAD;2
777;0361;7;CASA IBN TACHFINE EXPANSION;4
778;0365;36;CASA VICTOR HUGO;4
779;0369;24;CASA DRISSIA;2
780;0371;7;CASA HYATT REGENCY;4
781;0375;143;CASA PLACE AKNOUL;2
782;0379;21;CASA  SIDI ABDERRAHMANE;2
783;0381;36;CASA HAY EL MASJID;2
784;0385;154;CASA AV.HASSAN II;2
785;0389;141;CASA DAR TOUZANI;2
786;0391;22;CASA AL HANK;2
787;0395;11;CASA RACINE;2
788;0399;7;CASA  9 AVRIL;4
789;0400;19;YOUSSOUFIA OUED EDDAHAB;2
790;0404;43;BENI MELLAL;2
791;0408;7;CASA MIRABEAU;4
792;0410;114;FQUIH.BEN.SALAH;2
793;0414;7;CASA MANDAROUNA;4
794;0418;30;OUED ZEM;2
795;0421;50;SETTAT PLACE MOHAMED V;2
796;0425;7;AGADIR AV.DES FAR;4
797;0429;154;CASA BLAISE PASCAL;2
798;0431;7;CASA RUE  DAOUD EDDAHIRI;4
799;0435;27;LARACHE PLC.20 AOUT;2
800;0439;38;RABAT P ALAOUITES;2
801;0443;26;TANGER DRISSIA;2
802;0447;38;RABAT TOUR HASSAN;2
803;0453;38;RABAT AV.MOHAMED V;2
804;0457;39;RABAT MABELLA;2
805;0462;39;RABAT RIAD ENNAKHIL;2
806;0466;130;SIDI YAHIA;2
807;0472;41;FES AVENUE DES FAR;2
808;0476;93;TAZA HASSAN II;2
809;0482;7;MEKNES AV.DES FAR;4
810;0486;127;KHEMISSET BD DE RABAT;2
811;0492;147;MARRAKECH MAJORELLE;2
812;0496;49;OUARZAZATE MOHAMED V;2
813;0501;80;AGADIR  GENERAL KETTANI;2
814;0505;7;AGADIR HASSAN 1ER;4
815;0509;45;TAROUDANT EXPANSION;2
816;0511;46;GUELMIM;2
817;0515;56;OUJDA BD.MOHAMED V;2
818;0519;7;AHFIR DU KISS;4
819;0520;115;NADOR AV.DES FAR;2
820;0524;109;MIDAR HASSAN II;2
821;0528;42;TAOURIRT EXPANSION;2
822;0530;112;IMZOUREN AVENUE DE CASABLANCA;2
823;0534;7;SOUK EL MOUHAJIR;4
824;0538;82;TETOUAN ROUTE SEBTA;2
825;0542;96;C.A. MEKNES;1
826;0546;2;SALE QUARTIER HAJJI;2
827;0552;-1;CTR MARRAKECH;5
828;0556;-1;CTR KHOURIBGA;5
829;0563;2;SALE HAY RAHMA;2
830;0567;89;MEKNES  BASSATINE;2
831;0573;47;GESTION GLOBALE RISQUES;5
832;0577;47;LOGISTIQUE & ACHATS RESEAU;5
833;0583;25;ACIMA TEMARA;2
834;0587;135;FES NARJIS;2
835;0593;39;RABAT RTE ZAERS;2
836;0597;82;TETOUAN EXPANSION;2
837;0602;65;TANGER DRADEB;2
838;0606;143;ACIMA CASA ALBERT 1 ER;2
839;0612;123;MARRAKECH TARGA;2
840;0616;138;TANGER SOUANI;2
841;0623;15;KHENIFRA;2
842;0627;39;RABAT ENNAKHIL;2
843;0633;82;CHAOUEN;2
844;0637;36;CASA RUE DE SEBTA;2
845;0641;150;TIT MELLIL;2
846;0645;58;MARRAKECH M'HAMID;2
847;0649;103;EL HAJEB;2
848;0651;8;MIDELT;2
849;0655;25;TEMARA MOHAMED V;2
850;0659;149;LAKLEAA AIT MELLOUL;2
851;0660;8;TINEJDAD;2
852;0664;141;CASA NIL;2
853;0668;107;AGADIR SONABA;2
854;0670;81;CASA LAIMOUNE;2
855;0674;150;CASA ATTACHAROUK;2
856;0678;48;KELAAT SRAGHNA IMLIL;2
857;0680;98;SAFI AL CORSE;2
858;0684;64;SALE BETTANA;2
859;0688;25;TAMESNA;2
860;0690;115;NADOR SAQUIA EL HAMRA;4
861;0694;124;AIN SEBAA AL HADIKA;2
862;0698;50;EL BROUJ;2
863;0703;43;BENI MELLAL FAR;2
864;0707;82;MARTIL;2
865;0713;147;MARRAKECH SAADA;2
866;0717;7;CASA HAY ESSALAM;4
867;0722;46;BOUIZAKARNE;2
868;0726;7;AGADIR ILLIGH;4
869;0732;50;BENAHMED;2
870;0736;49;ZAGORA;2
871;0740;63;BOUZNIKA;2
872;0744;30;BOUJAAD;2
873;0748;64;SALE KARIA EXP;2
874;0750;63;BENI YAKHLEF;2
875;0754;15;EL KSIBA;2
876;0758;26;TANGER SIDI DRISS;2
877;0761;49;BOUMALEN DADES;2
878;0765;84;OUJDA JOUHARA;2
879;0769;22;CASA ZIRAOUI;2
880;0771;25;TEMARA OMAR IBN KHATAB;2
881;0775;121;FES ZOUAGHA;2
882;0779;114;BRADIA;2
883;0781;103;MEKNES KORTOBA;2
884;0785;63;MOHAMMEDIA AV.DES FAR;2
885;0789;27;KSAR EL KEBIR HAY NAHDA;2
886;0791;7;TEMARA WIFAK;4
887;0795;49;OUARZAZATE TABOUNTE;2
888;0799;93;TAHLA;2
889;0800;94;AKLIM;2
890;0804;7;NADOR ARRID;4
891;0808;12;RABAT AKKARI;2
892;0810;65;TANGER MARCHAN;2
893;0814;48;BENGUERIR;2
894;0818;98;SEBT GZOULA;2
895;0821;7;CASA AL BARAKA;4
896;0825;7;CASA HAY ANDALOUSS;4
897;0829;9;EL JADIDA SAADA;2
898;0831;150;CASA NAHDA SIDI MOUMEN;2
899;0835;109;BOUDINAR;2
900;0839;21;CASA IZDIHAR II;2
901;0843;7;TANGER HAY HASSANI;4
902;0847;98;JEMAA SHAIM;2
903;0853;63;MOHAMMEDIA AL FALAH;2
904;0857;85;MARRAKECH HASSAN II;2
905;0862;7;TLAT AZLAF;4
906;0866;129;LAAYOUNE RT ES-SEMARA;2
907;0872;152;DAR BOUAZZA;2
908;0876;114;AG.OULED AYAD;2
909;0882;94;AG.AHFIR HASSAN II;2
910;0886;115;NADOR HAY AL MATAR;2
911;0892;15;ZAOUIAT CHEIKH;2
912;0896;7;RAS EL MA;4
913;0901;94;BERKANE BOUHDILA;2
914;0905;7;TEMARA TARIK BN ZIAD;4
915;0909;7;MEKNES PL.D'ARMES;4
916;0911;7;SAFI SIDI OUASSEL;4
917;0915;7;CASA INST.PASTEUR;4
918;0919;127;KENITRA EL HIZAM;2
919;0920;89;AG.SBAA AYOUNE;2
920;0924;58;MARRAKECH HY CHOUHADA;2
921;0928;7;TEMARA CHEIKH DAOUI;4
922;0936;63;MOHAMMEDIA DERB MARRAKECH;2
923;0937;22;CASA BD TANTAN;2
924;0938;7;AG.MUNDIAPOLIS;4
925;0929;47;TANGER ZIATEN;-1
926;0931;47;OUARZAZATE BASSATINES;2
927;0935;68;SUCC. ENTREP. SAFI;1
928;0932;7;MARRAKECH IZDIHAR EXT;4
929;0930;107;AGADIR TILILA;2
930;0934;98;SAFI PLATEAU;2
931;0944;93;CENTRE P.ENTREPRISES TAZA;2
932;0939;7;TIFLET MED.V;4
933;0943;127;KENITRA BIR RAMI;2
934;0947;45;SEBT EL GUERDANE;2
935;0940;133;AG.RHAFSAI;2
936;0948;64;SALE HASSAN EL OUAZZANI;2
937;0933;105;CENTRE D'AFFAIRES SALE;1
938;0941;45;TALIOUINE;2
939;0945;153;CENTRE D'AFFAIRE TEMARA;1
940;0949;7;MARRAKECH SIDI MBAREK;4
941;0942;127;SD ALLAL BAHRAOUI;2
942;0946;103;AG.IFRANE;2
943;0957;149;AG.AIT AMIRA;2
944;0962;7;ARUIT AL MASSIRA AL KHADRA;4
945;0954;63;BENSLIMANE HASSAN II;2
946;0961;7;AG.MIDAR EXTENSION;4
947;0951;7;AG.CASA BD.AMGALA;4
948;0959;7;AGENCE SIDI BOUAFIF;4
949;0964;7;AG.ZEGHANGHANE MED V;4
950;0952;7;AG.AIN CHOUBIK;4
951;0950;135;FES AVENUE KARAOUIYINE;2
952;0958;42;FIGUIG AVE HASSAN II;4
953;0965;45;AG.TATA;2
954;0953;10;CENTRE D'AFFAIRES EL JADIDA;1
955;0956;27;LARACHE OKBA IBN NAFIE;4
956;0963;7;NADOR AL BOUSTANE;4
957;0955;151;BERRECHID HAY ZAHRA;2
958;0960;112;AGENCE IMZOUREN EXTENSION;2
959;0969;114;SOUK SEBT HASSAN II;2
960;0970;7;SIDI SLIMANE MOHAMED V;4
961;0967;122;SIDI BENNOUR MOHAMED V;2
962;0966;94;BERKANE AL MAKTEB;2
963;0968;133;KARIAT BA MOHAMED;2
964;0976;7;OULED TEIMA RTE DU SOUK;4
965;0972;123;MARRAKECH MASSIRA EXT.;2
966;0971;19;AG.IMINTANOUTE;2
967;0974;130;SIDI KACEM AV.HASSAN II;2
968;0977;45;AG.AIT IAAZZA;4
969;0986;130;AG.JORF EL MELHA;2
970;0985;25;AG.AIN ATIQ;2
971;0978;46;GUELMIM IBN TOUMERT;2
972;0980;93;CASH LESS TAZA OURIDA;2
973;0982;7;AG.SAKA;4
974;0981;42;GUERCIF ABDELKRIM KHATTABI;2
975;0984;8;AG.BOUMIA;2
976;0991;46;AGENCE SIDI IFNI;2
977;0994;7;AG.TENDRARA;4
978;0997;82;AG.MARTIL HASSAN II;2
979;0996;7;TETOUAN BOUJERRAH;4
980;0989;152;AG.SIDI RAHAL;2
981;0995;94;BERKANE  AL AHRAME;2
982;0990;7;AG.OULAD ABBOU;4
983;0998;82;FNIDEQ HASSAN II;2
984;0992;84;OUJDA AL MAQDIS;2
985;0999;30;BOUJNIBA;4
986;1003;129;AG.TARFAYA;2
987;0979;7;AG.MEKNES AV FAR;4
988;1002;129;DAKHLA HAY ESSALAM;2
989;0993;7;OUJDA AL MAGHRIB AL ARABI;4
990;1000;93;TIZI OUASLI;2
991;0975;7;SHOPPING BANK AUTO.BENI MALAL.MARJA;4
992;1006;114;FKIH BENSALEH AL MASSIRA;2
993;1012;7;TANGER MGHOUGHA;4
994;1005;48;TAHANAOUTE;2
995;1011;82;OUED LAOU;2
996;1004;26;TANGER AOUAMA EXTENSION;2
997;1013;7;TANGER Q.HADDAD;4
998;0987;19;ESSAOUIRA VIL.NOUVELLE;2
999;1008;22;CASA MOUSSA BNOU NOUSSAIR;2
1000;1014;7;OULED YAICHE;4
1001;0988;7;AIN BENI MATHAR;4
1002;0973;7;SHOPPING BANK AUTO.SALE MARJANE;4
1003;1019;45;TAROUDANT MED V;2
1004;1010;7;MARRAKECH M'HAMID EXT.;4
1005;1018;80;AGADIR SOUK AL HAD;2
1006;1020;45;BIOUGRA EXTENSION;2
1007;1100;52;BAS CASA MUSTAPHA ELMAANI;-1
1008;1102;52;BAS RABAT MOHAMED V;-1
1009;1101;52;BAS CASA OMAR EL KHAYAM;-1
1010;1107;52;BAS TANGER MLY ABDELAZIZ;-1
1011;1104;52;BAS FES ROUTE DE SEFROU;-1
1012;1105;52;BAS MARRAKECH JAMAA EL FNA;-1
1013;1106;52;BAS AGADIR RUE MARRAKECH;-1
1014;1103;52;BAS MEKNES HAMRIA;-1
1015;1108;52;BAS OUJDA MED V;-1
1016;1030;76;C.D'AFFAIRES ABDELMOUMEN;4
1017;1021;42;BOUARFA;2
1018;1029;81;CASA SIDI MAAROUF ALMAWLID;2
1019;1035;133;TISSA;2
1020;1017;81;CASA.BD.TAZA;2
1021;1022;27;AL AAOUAMRA;2
1022;1036;7;KHOURIBGA  BD.BNI AMIR;4
1023;1040;43;CASH LESS BNI MELLAL IBNOU KHALDOUN;2
1024;1033;7;MAAZIZ;4
1025;1031;42;JERADA;2
1026;1026;7;EL KEBAB;4
1027;1016;58;MARRAKECH MHAMID MAATALLAH;2
1028;1023;152;CASA.KHOUZAMA;2
1029;1041;7;CASA.QUART,ENNASSIM;4
1030;1009;7;BERKANE OUARTASS;4
1031;1015;89;MOULAY DRISS ZERHOUNE;2
1032;1028;9;EL JADIDA BD.AL MOUKAWAMA;2
1033;1034;7;KHLALFA;4
1034;0983;9;EL JADIDA RT MARRAKECH;2
1035;1024;80;AGADIR LES JARDINS DU SOUSS;2
1036;1032;15;AG.AIT ISHAK;2
1037;1027;15;AG.TIGHASSALINE;2
1038;1001;7;AG.SID L'MOKHTAR;4
1039;1038;7;AJDIR ALHOCEIMA;4
1040;1025;127;OULMES;4
1041;1039;110;IAAZZANENE;2
1042;1044;7;FES HY BENSLIMANE;4
1043;1042;40;TANGER SOURIYENNE;2
1044;1043;30;KHOURIBGA MOHAMED VI;4
1045;1007;152;SHOPPING BANK MOROCCO MALL;4
1046;1037;7;MARJANE EL KELAA;4
1047;1057;110;SELOUANE AL MOUSTAKBAL;2
1048;1062;130;AG.MOULAY BOUSSELHAM;2
1049;1054;7;OUJDA  TAYRET;4
1050;1061;30;OUED ZEM HADDADA;2
1051;1052;80;CASHLESS AGADIR MOHAMED V;2
1052;1067;7;LAAYOUNE AV.BOUCRAA;4
1053;1045;58;MARRAKECH NASSIM;2
1054;1051;149;AIT MELLOUL AL MOUSTAKBAL;2
1055;1047;7;MARRAKECH SOCOMA;4
1056;1053;107;AGADIR ESSALAM EXP;2
1057;1050;131;KENITRA MAGHRIB ARABI;2
1058;1058;7;NADOR EL FETOUAKI;4
1059;1065;134;AG.FES DOUAR RIAFA;2
1060;1048;8;AG.RICH;2
1061;1059;7;BENI ANSAR ALJADID;4
1062;1064;82;AG.M'DIQ SEKKA;2
1063;1070;133;AG.THAR ES-SOUK;2
1064;1046;7;TIZNIT MEDINA;4
1065;1066;2;SALE KOUASS;2
1066;1072;149;DCHEIRA MED V;2
1067;1071;7;AG.KAF N'SOUR;4
1068;1055;133;AG.MISSOUR;2
1069;1068;7;AG.AGUELMOUSS;4
1070;1056;133;AG.OUTAT EL HAJ;2
1071;1202;47;RATIONALISATION DES STRUCTURE;5
1072;1204;47;B.I IMMOBILIER;5
1073;1207;47;RESEAU CASA EXTENSION;5
1074;1206;47;BANQUE MULTICANAL;5
1075;1205;47;QUALITE GROUPE;5
1076;1200;47;CONFORMITE GROUPE;5
1077;1208;47;RESEAU ORIENTAL;5
1078;1203;47;B.D.D.I;5
1079;1201;47;PI EN INSTANCE D AFFECT SIEGE;5
1080;1209;47;RESEAU DOUKKALA-CHAOUIA;5
1081;1076;85;MARRAKECH SIDI GHANEM;2
1082;1069;7;AGADIR HAY MOHAMMADI;4
1083;1075;138;KSAR SGHIR;2
1084;1078;82;AG.JEBHA;2
1085;1082;7;AGENCE MARJANE AL HOCEIMA;4
1086;1074;7;MARRAKECH AL MASSAR;4
1087;1077;65;TANGER AHLAN;2
1088;1086;40;TANGER CHARF;2
1089;1085;7;CASA BD DE SEFROU;4
1090;1080;8;GOULMIMA;2
1091;1073;7;BOUZNIKA HAY RIAD;4
1092;1083;7;OUJDA SI LAKHDAR;4
1093;1079;47;KSAR EL KEBIR AV DE GARE;2
1094;1081;7;TAZA AL BAHRA;4
1095;1084;9;EL JADIDA PLACE KHYARI;2
1096;1049;43;OULED M'BAREK;4
1097;1092;133;TAOUNATE DCHIAR;2
1098;1094;84;OUJDA LES IRIS;2
1099;1089;124;CASA TARIK EL KHEIR;2
1100;1095;84;OUJDA HY ESSALAM;4
1101;1090;127;KENITRA OURIDA;2
1102;1087;7;TANGER CASABARATA;4
1103;1093;7;OUJDA LAZARET EXP;4
1104;1099;7;SAFI BIADA;4
1105;1215;7;EL HAJEB HASSAN II;4
1106;1097;114;FQUIH BENSALEH ALLAL BEN ABDELLAH;4
1107;1213;50;SIDI HAJJAJ;2
1108;1096;7;NADOR TIRAKAA;4
1109;1211;7;LAAYOUNE SKIKIMA;4
1110;1098;151;BERRECHID  MY ISMAIL;2
1111;1214;7;SETTAT GENERAL KETTANI;4
1112;1216;138;TANGER BRANES EXT;2
1113;1060;7;MEKNES TOUARGA;4
1114;1063;7;TANGER AL MAJD EXT.;4
1115;1212;133;BOULMANE;4
1116;1217;9;EL JADIDA ENNAJD;2
1117;1223;19;AG CHEMMAIA;2
1118;1091;103;AG.AGOURAI;4
1119;1088;7;TANGER EL MENZAH;4
1120;1225;7;AGADIR AL MASSIRA;4
1121;1226;7;INEZGANE MESDOURA;4
1122;1224;7;AIN MEDIOUNA;4
1123;1220;7;SALA AL JADIDA ATLAS;4
1124;1231;7;BAB SEBTA;4
1125;1219;7;AG.BOUDERBALA;4
1126;1228;7;SETTAT MOUJAMAA EL KHEIR;4
1127;1232;46;TIZNIT LES AMICALES;2
1128;1227;7;TANGER BIR CHIFA;4
1129;1222;7;SOUK SEBT MOHAMED V;4
1130;1218;7;BOUKNADEL;4
1131;1240;39;RABAT MADINAT AL IRFANE;2
1132;1303;47;REGION CENTRE SUD;5
1133;1300;47;RESEAU BENI MELLAL KHENIFRA;5
1134;1308;47;SUPPORT ET MOYEN BQUE DETAIL;5
1135;1305;47;REGION NORD OUEST;5
1136;1306;47;REGION SUD;5
1137;1307;47;REGION SUD OUEST;5
1138;1304;47;REGION NORD EST;5
1139;1301;47;RESEAU ENTREPRISES SUD OUEST;5
1140;1302;47;REGION CENTRE NORD;5
1141;1242;7;AG.TAMRI;4
1142;1239;7;AG.JORF ERFOUD;4
1143;1244;65;TANGER RTE DE L'AVIATION;2
1144;1233;133;AG.EL MENZEL;4
1145;1238;7;AG.BAB BERRED;4
1146;1236;7;OUJDA OUED ENNACHEF;4
1147;1243;50;AG.GUISSER;2
1148;1221;7;CASA AHL LOUGHLAM;4
1149;1237;27;OUAZZANE RTE DE RABAT;4
1150;1234;65;TANGER AIN KETIOUT;2
1151;1250;46;TAFRAOUT;2
1152;1245;122;HAD SOUALEM ZAHRA;2
1153;1246;7;AIT BAHA;4
1154;1229;150;TIT MELLIL TAWHID;4
1155;1109;52;BAS CASA 9 AVRIL;-1
1156;1256;7;MOHAMMEDIA ABD.KHATTABI;4
1157;1247;49;AGDZ;2
1158;1253;48;OURIKA;2
1159;1252;7;TAZA MOHAMED V;4
1160;1248;7;IHADDADEN;4
1161;1254;47;FES HAY SALAM;-1
1162;1249;7;MOHAMMEDIA CADI TAZI;4
1163;1255;135;IMMOUZER KANDAR;2
1164;1260;11;SHOPPING BANK ANFA PLACE;2
1165;1263;7;FES RTE AIN SMEN;4
1166;1258;7;BERNOUSSI SAADA EXPANSION;4
1167;1251;143;SHOPPING BANK CASA TACHFINE CENTRE;2
1168;1264;7;TANGER MY SLIMANE;4
1169;1235;152;CASA MADINAT ERRAHMA;2
1170;1262;7;CENTRE PETITES ENTREPRISES SETTAT;4
1171;1261;7;OULED TEIMA EL KOURSI;4
1172;1268;7;DEBDOU;4
1173;1274;7;MARJANE MEKNES HAMRIA;4
1174;1266;81;OULED SALEH;2
1175;1271;49;OUARZAZATE AL MAGHRIB AL ARABI;4
1176;1270;151;DEROUA EXPANSION;2
1177;1273;7;MARJANE TAZA;4
1178;1276;135;FES OULAD TAYEB;2
1179;1269;7;AGADIR AL QODS;4
1180;1275;7;MARJANE FKIHBENSALAH;4
1181;1277;56;OUJDA ALLAL AL FASSI;2
1182;1279;7;SAFI LA GARE;4
1183;1281;7;CASA SIDI OTHMANE PREF.;4
1184;1278;121;FES RTE AIN CHKEF;2
1185;1280;7;ARBAA EL AOUNATE;4
1186;1267;48;AMIZMIZ;2
1187;1284;7;MEKNES ALLAL BEN ABDELLAH;4
1188;1290;7;AG.TAMANAR;4
1189;1272;127;KENITRA KASBAH;2
1190;1282;131;KENITRA MIMOSA;2
1191;1289;7;AG.IGHERM;4
1192;1283;7;ESSAOUIRA 11 JANVIER;4
1193;1285;7;CASA OQBA EXPANSION;4
1194;1241;7;EL JADIDA BOUCHRITE;4
1195;1314;7;CASA HAY AIN CHIFA;4
1196;1312;7;CASA SEQUILLIA;4
1197;1230;9;DAR AL MOUKAWIL EL JADIDA;2
1198;1318;7;CASA AHMED BEN BASSOU;4
1199;1291;7;CASA EL HOUSSINE SOUSSI;4
1200;1287;7;SIDI KACEM AL QODS;4
1201;1294;43;BENI MELLAL AV.AL MOUTANABI;2
1202;1292;7;MIDELT RTE MEKNES;4
1203;1298;103;MEKNES SBATA;2
1204;1317;63;BOUZNIKA GR MOSQUEE;2
1205;1321;7;AG.BIOUGRA SIDI SAID;4
1206;1296;149;AIT MELLOUL EL HARCH;2
1207;1311;48;BENGUERIR HASSAN II;2
1208;1316;56;OUJDA EL AOUNIA;2
1209;1322;121;FES MY RACHID;2
1210;1329;47;AG.HATTANE;-1
1211;1324;124;CASA AL MAGHRIB AL ARABI;2
1212;1295;7;RABAT EL AMAL II;4
1213;1327;7;MACHRA BEL KSIRI AV DES FAR;4
1214;1313;39;RABAT TAKKADOUM;2
1215;1326;7;MOULAY ABDELLAH;4
1216;1332;7;SUC.ENT.CASA.MEDIOUNA EXPANSION;4
1217;1325;134;FES AIN NOKBI;2
1218;1286;141;CASA BD DAKHLA;2
1219;1315;7;SAFI AL MASSIRA;4
1220;1320;7;BENI TADJITE;4
1221;1328;125;SUCC.ENTREPRISES FES;1
1222;1323;7;OULAD AMRANE;4
1223;1293;7;ELKELAA YOUSSEF IBN TACHFINE;4
1224;1335;47;CASA SIDI MAAROUF AL MAWLID;2
1225;1330;47;CASA CHAHDIA EXPANSION;2
1226;1331;7;CASA BOULEVARD CHOUHADAA;4
1227;1340;50;SETTAT AV DES FAR;2
1228;1338;121;FES SAISS;4
1229;1333;7;LAAYOUNE SOUK JMAL;4
1230;1341;7;MEDIOUNA HASSAN II;4
1231;1357;9;EL JADIDA HAY RYAD;2
1232;1358;122;AZEMMOUR SIDI ALI;2
1233;1356;9;EL JADIDA ROND POINT MATAR;2
1234;1299;9;EL JADIDA HY ESSALAM;2
1235;1355;7;EL JADIDA MARCHE CENTRAL;4
1236;1354;7;CASA MOHAMED BOUAFI;4
1237;1343;81;CASA BD.TAH;2
1238;1344;7;CASA GARE AIN SEBAA;4
1239;1342;7;CASA OMAR IBN AL KHATTAB;4
1240;1345;7;BENAHMED BIR ANZARANE;4
1241;1339;121;FES LALLA SOUKAINA;2
1242;1334;7;TIZNIT ROUTE DE TAFRAOUT;4
1243;1348;130;SOUK LARBAA BIR ANZARANE;2
1244;1361;7;MEJJAT;4
1245;1346;108;SUC.EPS.MRKCH SD GHANEM;1
1246;1352;7;ERRACHIDIA TARGA;4
1247;1351;7;BENI BOUAYACH NEKKOUR;4
1248;1359;149;AIT MELLOUL AL FATH;2
1249;1350;7;IKAOUEN;4
1250;1347;15;KHENIFRA OUED EDDAHAB;2
1251;1349;7;NADOR AVENUE DE TANGER;4
1252;1360;7;GUELMIM AV.DES FAR;4
1253;1353;49;TAZARINE DRAA;2
1254;1362;7;CASA AHMED ESSABAGH;4
1255;1367;58;MARRAKECH AVENUE DU GOLF;2
1256;1364;15;KHENIFRA MOHAMED V;2
1257;1288;89;DAR AL MOUKAWIL MEKNES;2
1258;1365;7;ELJADIDA RTE MARRAKECH EXPANSION;4
1259;1366;7;TANGER MOULAY ALI CHERIF;4
1260;1363;39;RABAT RYAD AL ANDALOUS;2
1261;1265;147;MARRAKECH SAKAR;2
1262;1369;7;TANGER AIDA;4
1263;1319;7;CASA FORCES AUXILIAIRES EXPANSION;4
1264;1373;7;BENI MELLAL CHARAF;4
1265;1259;38;RABAT PATRICE LUMUMBA;2
1266;1368;40;TANGER SAHATE AL MADINA;2
1267;1374;129;DAKHLA BD LAAROUSSI;4
1268;1370;120;CA.TANGER GZENAYA;1
1269;1378;7;AGADIR HAY MOHAMMADI;4
1270;1380;40;TANGER MOULAY ISMAIL;2
1271;1371;-1;SALE LALLA ASMAE;-1
1272;1297;47;CASA AV TAN TAN;2
1273;1377;7;AGADIR HAY ENNAHDA;4
1274;1372;47;FES SIDI BRAHIM;-1
1275;1379;122;SIDI BENNOUR AV.DES FAR EXPANSION;2
1276;1386;94;BERKANE MARJANE SHOPPING BANK;2
1277;1389;9;MARJANE EL JADIDA;2
1278;1382;9;EL JADIDA MOHAMED VI;2
1279;1387;7;MARJANE SIDI SLIMANE;4
1280;1391;8;SHOPPING BANK ACIMA ERRACHIDIA;2
1281;1392;46;SHOPPING BANK GUELMIM MARJANE;2
1282;1383;7;LAATTAOUIA BIR ANZARANE;4
1283;1388;27;SHOPPING BANK MARJANE LARACHE;2
1284;1390;7;MARJANE INEZGANE;4
1285;1381;7;TETOUAN ROUTE TORRETA;4
1286;1336;107;AGENCE AOURIR;2
1287;1399;123;LES PORTES DE MARRAKECH;2
1288;1394;123;MARRAKECH MASSIRA AL AANBAR;2
1289;1257;152;CASA RYAD HAY EL HASSANI;2
1290;1393;7;AIN HARROUDA AL MAGHRIB AL ARABI;4
1291;1337;150;CASA LAHRAOUIYINE;2
1292;1384;24;CASA AL FARAH MOSQUEE AL AMAL;2
1293;1398;47;FES LES ALMOHADES;-1
1294;1397;121;FES AL AZHAR;2
1295;1400;-1;SUCC.ENTREPRISE OUARZAZATE;-1
1296;1404;7;CASA PANORAMIQUE;4
1297;1408;7;CASA DRISS HARTI MARCHE DE GROS;4
1298;1406;7;FES L'HABITAT;4
1299;1385;7;BAB TAZA;4
1300;1407;80;SUCCURSALE AGADIR OUFELLA;2
1301;1409;7;SKHIRATE HASSAN II;4
1302;1412;134;FES BAB KHOKHA;4
1303;1405;7;KELAAT M'GOUNA LES ROSES;4
1304;1418;47;CASA AVENUE DES PARCS;-1
1305;1417;7;MEKNES ENNASR;4
1306;1416;7;CASA MOSTAPHA MAANI EXPANSION;4
1307;1415;7;CASA ATTACHAROUK EXPANSION;4
1308;1414;7;KHEMISSET IBN SINA;4
1309;1411;2;CASHLESS SALE GHRABLIA;2
1310;1419;7;AGADIR MOHAMED EL FASSI;4
1311;1423;7;CASA KASBAT LAMINE;4
1312;1428;7;KHEMISSET ENNASR;4
1313;1422;7;INEZGANE AV.FAR;4
1314;1427;7;AGADIR IMAM AL BOUKHARI;4
1315;1431;27;OUAZZANE HAY IKRAM;2
1316;1432;134;FES EDDAYAA;2
1317;1444;7;BERRECHID SIDI AAMER;4
1318;1441;12;RABAT IBN SINA;2
1319;1449;7;CASA SIDI MAAROUF EL KHEIR;4
1320;1435;7;FES IBN KHATIB;4
1321;1443;33;SUC.ENTREPRISES BERRECHID;1
1322;1448;94;BERKANE HASSAN II;2
1323;1430;84;OUJDA HAY ENNASR;2
1324;1438;7;CASA MARJANE SIDI OTHMANE;4
1325;1446;7;LARACHE OMAR IBN AL KHATTAB;4
1326;1401;150;CASA BOULEVARD ESSALAM;2
1327;1429;7;CASA KHALIFA BEN ISMAIL;4
1328;1413;47;RABAT ABOU BAKR ESSEDIK;-1
1329;1420;154;EXPRESS BANK GARE CASA PORT;2
1330;1421;27;TANGER RUE DE MEXIQUE;2
1331;1439;39;CASHLESS RABAT NAHDA EXT;2
1332;1447;7;AL HOCEIMA ABDELKRIM KHATTABI;4
1333;1453;147;MARRAKECH AV DE LA PALESTINE;2
1334;1426;7;CASA BD ZAFZAF;4
1335;1437;121;FES CHAMPS DE COURSE;2
1336;1460;110;ZAIO BD DAKHLA;2
1337;1440;39;RABAT AL ARAAR;2
1338;1454;7;CASA HAY AL AZHAR;4
1339;1433;65;DAR ALMOUKAWIL TANGER PASTEUR;2
1340;1450;7;CASA HAY AL INARA;4
1341;1455;7;BERKANE HAY HAMZA;4
1342;1442;42;TAOURIRT MY ALI CHARIF;2
1343;1456;7;OUJDA JAOUHARA EXT;4
1344;1462;7;DCHEIRA HASSAN II;4
1345;1461;7;BENI MELLAL AL HANSALI;4
1346;1451;7;MARRAKECH MABROUKA;4
1347;1464;7;CASA SIDI MOUMEN ASSAFA;4
1348;1424;7;KHOURIBGA AL FIRDAOUSS;4
1349;1452;147;MARRAKECH AIN ITTI;2
1350;1110;52;BAS KENITRA HASSAN II;-1
1351;1111;52;BAS TANGER MLY ISMAIL;-1
1352;1465;7;CASA HAY MOULAY RACHID DAR CHABAB;4
1353;1471;124;CASA AIN SEBAA TIZI OUSLI;2
1354;1479;110;CENTRE TPE MONTE ARRUIT;2
1355;1481;7;MEKNES ROUAMZINE;4
1356;1402;152;TAMARIS;2
1357;1468;2;SALE MARZOUKA;2
1358;1474;7;FES ZAHRAT AL AMAL;4
1359;1434;7;FES MAMOUNIA;4
1360;1477;7;AGADIR MEHDI BEN BARKA;4
1361;1476;7;BENI MELLAL AV BAGHDAD;4
1362;1403;7;CASA MLY RCHID BD ABDELK SAHRAOUI;4
1363;1436;7;TNINE CHTOUKA;4
1364;1469;7;AGADIR ABDERRAHIM BOUABID;4
1365;1475;64;SALE AL JADIDA HSSAIN;2
1366;1470;7;CASA AL JOULANE EXP;4
1367;1478;7;AGOUIM;4
1368;1480;42;GUERCIF IBN TACHFINE CENTRE P.E;2
1369;1467;98;CASHLESS SAFI ANAS;2
1370;1473;84;OUJDA AL IRFANE;2
1371;1483;48;CENTRE TPE KELAAT SRAGHNA;2
1372;1425;7;DESK TANGER MED;4
1373;1466;103;MEKNES RIAD ZAITOUNA;2
1374;1472;7;OUJDA MARCHE COUVERT;4
1375;1482;121;FES AL KAWTAR;2
1376;1410;7;AZROU HASSAN II;4
1377;1484;47;CASA BD AL WAHDA;-1
1378;1490;89;MEKNES ESSAADIYINE;2
1379;1487;138;TANGER AL MOUJAMAA;2
1380;1486;7;FKIH BEN SALAH BAB LHAD;4
1381;1485;7;TANGER HAROUNE RACHID;4
1382;1489;7;CASA MADINAT AL FADL;4
1383;1495;131;KENITRA LES RESIDENCES;2
1384;1493;26;TANGER JAMILA;2
1385;1492;40;TANGER IBERIA;2
1386;1491;25;TEMARA FOUARATE;2
1387;1445;47;FES RIAD AL YASSAMINE;-1
1388;1488;-1;CASA HAY CHORFA;-1
1389;1494;131;KENITRA CITE DES JARDINS;2
1390;1496;7;CASA SBATA BD LAHRAOUIYENE;4
1391;1113;52;BAS BERKANE MED V;-1
1392;1112;52;BAS LAAYOUNE DCHIRA;-1
1393;1114;52;BAS TETOUAN AV DES FAR;-1
1394;1115;52;BANK ASSAFA;-1
1395;1116;52;ADMINISTR. CENTRALE DAS;-1
1396;1144;52;TRAITEMENT BANCAIRE DH DAS;-1
1397;1145;52;TRAITEMENT BANCAIRE DEVISE DAS;-1
1398;1117;52;BAS CASA 2 MARS;-1
1399;1457;7;MARRAKECH M'HAMID EXTENSION;4
1400;1118;52;BAS TEMARA MED V;-1
1401;1500;147;MARRAKECH IZDIHAR;2
1402;1552;52;CTR MARRAKECH DAS;-1
1403;1551;52;CTR RABAT DAS;-1
1404;1559;52;CTR TAZA DAS;-1
1405;1554;52;CTR AGADIR DAS;-1
1406;1561;52;CTR ALHOCEIMA DAS;-1
1407;1556;52;CTR KHOURIBGA DAS;-1
1408;1555;52;CTR FES DAS;-1
1409;1560;52;CTR NADOR DAS;-1
1410;1557;52;CTR OUJDA DAS;-1
1411;1562;52;CTR TETOUAN DAS;-1
1412;1550;52;CTR MEKNES DAS;-1
1413;1558;52;CTR TANGER DAS;-1
1414;1553;52;CTR KENITRA DAS;-1
1415;1499;38;DAR AL MOUKAWIL RABAT;2
1416;1502;138;TANGER MOULAY RACHID;2
1417;1498;130;SIDI SLIMANE CENTRE;2
1418;1503;7;MARRAKECH AV.LAAYOUNE;4
1419;1501;47;KHOURIBGA ANCIEN SOUK;-1
1420;1459;149;DAR AL MOUKAWIL AIT MELLOUL;2
1421;1463;-1;CASA AL FOURATE;-1
1422;1458;40;TANGER CITY CENTER;2
1423;1497;130;SIDI ALLAL TAZI;2
1424;1119;52;BAS DAKHLA AV MOHAMED CHAKROUN;-1
1425;1505;41;FES ROUDANI;-1
1426;1511;21;DAR AL MOUKAWIL CASA CENTER;2
1427;1509;85;MARRAKECH PLAZA;2
1428;1508;151;NOUACEUR;2
1429;1504;47;DAR MOUKAWIL CASA HAY HASSANI;-1
1430;1510;150;CASA ZEFZAF EXPANSION;2
1431;2000;47;MIGRATION DAS;5
1432;1120;52;BAS RABAT AGDAL FAL OULD OUMEIR;-1
1433;1121;52;BAS CASA SIDI MAAROUF;-1
1434;1506;152;CASA LOT ENNAKHIL;-1
1435;1517;7;MARRAKECH BAB GHMAT;4
1436;1515;7;RABAT AL MAGHRIB AL ARABI;4
1437;1519;147;MARRAKECH ENNAKHIL;2
1438;1514;131;KENITRA SAID DAOUDI;2
1439;1512;81;BOUSKOURA;-1
1440;1513;27;KSAR EL KEBIR HAY ESSALAM;2
1441;1518;129;SUCC ENTREPRISES DAKHLA;1
1442;1122;52;BAS SALE AV ASSALAM;-1
1443;1580;47;MIG DAS AWB;5
1444;1123;52;BAS BENI MELLAL;-1
1445;1520;85;MARRAKECH VICTOR HUGO;2
1446;1523;93;TAZA AL MASSIRA;2
1447;1522;39;RABAT DAR SALAM SOUISSI;2
1448;1125;52;BAS GHANDI;-1
1449;1521;127;KENITRA SAKNIA AL WAFAA;2
1450;1126;52;BAS CASA.BD.ABI DER GHAFARI;-1
1451;1128;52;BAS NADOR;-1
1452;1127;52;BAS RABAT HAY RIAD;-1
1453;1516;58;DAR AL MOUKAWIL MARRAKECH KOUTOUBIA;2
1454;1131;52;BAS EL JADIDA;-1
1455;1130;52;BAS MOHAMMEDIA;-1
1456;1129;52;BAS FES ALLAL BEN ABDELLAH;-1
1457;1132;52;BANK ASSAFA ABDELMOUMEN;-1
1458;1600;47;GESTION DES MOUVEMENTS DE FONDS;5
1459;1590;47;PILOTE MONETIQUE;5
1460;1134;52;BAS AIN SEBAA CHEFCHAOUNI;-1
1461;1136;52;BAS TAKADOUM EL HAOUZ;-1
1462;1135;52;BAS SBATA DRISS EL HARTI;-1
1463;1524;107;DAR AL MOUKAWIL AGADIR;2
1464;1139;52;BAS OULFA OUM RABIA;-1
1465;1138;52;BAS CASA LALLA YACOUT;-1
1466;1137;52;BAS INEZGANE MED V;-1
1467;1526;154;SHOPPING BANK CASA MARINA;2
1468;1525;135;SEFROU DERB EL MITER;4
1469;1140;52;BAS AGADIR HASSAN II;-1
1470;1143;52;BAS CASA BOURGOGNE;-1
1471;1147;52;BAS TAZA MOULAY YOUSSEF;-1
1472;1146;52;BAS MEKNES MED VI;-1
1473;1591;47;DICAA;5
1474;1528;50;DAR AL MOUKAWIL SETTAT;2
1475;1529;115;DAR AL MOUKAWIL NADOR;2
1476;1530;81;SHPG BANK LES MYRIADES BOUSKOURA;2
1477;1531;146;BOUSKOURA VILLE VERTE;2
1478;1533;63;MOHAMADIA QUARTIER DU PARC;2
1479;1532;146;CASA QUARTIER FLORIDA;2
